id,Gender,Lenght,Diameter,Height,Whole Weight,Shucked Weight,Viscra Weight,Shell Weight,Target
1,M,0.605,0.47,0.115,1.114,0.3925,0.291,0.31,15
2,I,0.43,0.315,0.095,0.378,0.175,0.08,0.1045,8
3,I,0.58,0.49,0.195,1.3165,0.5305,0.254,0.41,18
4,M,0.535,0.405,0.175,1.2705,0.5479999999999999,0.3265,0.337,13
5,I,0.31,0.235,0.09,0.127,0.048,0.031,0.04,6
6,M,0.54,0.415,0.13,0.8245,0.272,0.226,0.24,13
7,I,0.565,0.44,0.135,0.768,0.3305,0.1385,0.2475,9
8,M,0.595,0.49,0.185,1.185,0.482,0.2015,0.361,10
9,M,0.63,0.495,0.175,1.2695,0.605,0.271,0.328,11
10,I,0.525,0.4,0.14,0.654,0.305,0.16,0.1689999999999999,7
11,M,0.6,0.48,0.155,1.014,0.451,0.1885,0.325,11
12,I,0.44,0.34,0.1,0.379,0.1725,0.0815,0.101,7
13,M,0.615,0.525,0.155,1.1375,0.3670000000000001,0.236,0.37,20
14,M,0.6,0.48,0.09,1.05,0.457,0.2685,0.28,8
15,M,0.645,0.5,0.19,1.5595,0.741,0.3715,0.3845,14
16,M,0.385,0.3,0.095,0.24,0.0885,0.059,0.085,9
17,I,0.58,0.435,0.15,0.8915,0.363,0.1925,0.2515,6
18,M,0.765,0.6,0.22,2.302,1.007,0.509,0.6205,12
19,M,0.66,0.485,0.155,1.2275,0.61,0.274,0.3,8
20,M,0.345,0.255,0.08,0.1689999999999999,0.06,0.0425,0.054,10
21,M,0.155,0.11,0.04,0.0155,0.0065,0.003,0.005,3
22,F,0.425,0.325,0.135,0.382,0.1465,0.079,0.14,12
23,I,0.585,0.42,0.145,0.6735,0.2895,0.1345,0.22,9
24,I,0.4,0.265,0.1,0.2775,0.1245,0.0605,0.08,9
25,I,0.28,0.21,0.075,0.1195,0.053,0.0265,0.03,6
26,M,0.68,0.515,0.17,1.6115,0.8415,0.306,0.395,11
27,F,0.575,0.45,0.16,1.068,0.556,0.214,0.2575,10
28,I,0.47,0.37,0.11,0.5555,0.25,0.115,0.163,8
29,I,0.395,0.3,0.09,0.253,0.1155,0.05,0.075,6
30,M,0.35,0.255,0.085,0.2145,0.1,0.0465,0.06,13
31,M,0.425,0.315,0.125,0.3525,0.1135,0.0565,0.13,18
32,I,0.24,0.175,0.055,0.0705,0.025,0.014,0.021,5
33,I,0.55,0.415,0.135,0.8095,0.2985,0.2015,0.28,12
34,M,0.635,0.51,0.21,1.598,0.6535,0.2835,0.58,15
35,I,0.485,0.365,0.09,0.6509999999999999,0.3165,0.132,0.18,8
36,F,0.7,0.575,0.17,1.31,0.5095,0.314,0.42,14
37,F,0.655,0.51,0.16,1.092,0.396,0.2825,0.37,14
38,M,0.5,0.405,0.14,0.6155,0.241,0.1355,0.205,9
39,F,0.38,0.305,0.105,0.281,0.1045,0.0615,0.09,12
40,M,0.58,0.465,0.16,1.0345,0.315,0.26,0.3635,12
41,M,0.695,0.56,0.19,1.494,0.588,0.3425,0.485,15
42,F,0.635,0.49,0.175,1.2435,0.5805,0.313,0.305,10
43,M,0.68,0.545,0.185,1.672,0.7075,0.364,0.48,11
44,M,0.63,0.51,0.23,1.539,0.5635,0.2815,0.57,17
45,M,0.575,0.445,0.14,0.737,0.325,0.1405,0.237,10
46,M,0.695,0.55,0.195,1.6645,0.727,0.36,0.445,11
47,I,0.24,0.185,0.07,0.0715,0.026,0.018,0.025,6
48,I,0.38,0.275,0.095,0.1375,0.086,0.0585,0.0605,7
49,M,0.49,0.395,0.135,0.5545,0.213,0.0925,0.215,14
50,M,0.535,0.42,0.15,0.6995,0.2575,0.153,0.24,12
51,I,0.51,0.38,0.115,0.5155,0.215,0.1135,0.166,8
52,M,0.38,0.27,0.095,0.219,0.0835,0.0515,0.07,6
53,F,0.655,0.54,0.175,1.5585,0.7285,0.402,0.385,11
54,M,0.64,0.505,0.18,1.297,0.59,0.3125,0.363,11
55,F,0.675,0.565,0.195,1.8375,0.7645,0.3615,0.5529999999999999,12
56,I,0.495,0.33,0.1,0.44,0.177,0.095,0.15,7
57,F,0.595,0.465,0.155,1.026,0.4645,0.112,0.305,12
58,F,0.615,0.475,0.145,0.9525,0.3915,0.195,0.32,9
59,I,0.515,0.35,0.105,0.4745,0.213,0.123,0.1275,10
60,M,0.49,0.38,0.135,0.5415,0.2175,0.095,0.19,11
61,I,0.575,0.45,0.125,0.78,0.3275,0.188,0.235,9
62,M,0.615,0.47,0.155,1.2,0.5085,0.32,0.292,8
63,M,0.63,0.485,0.16,1.243,0.623,0.275,0.3,10
64,I,0.57,0.445,0.145,0.7405,0.306,0.172,0.1825,12
65,I,0.57,0.445,0.155,0.867,0.3705,0.1705,0.28,9
66,F,0.53,0.41,0.13,0.6965,0.302,0.1935,0.2,10
67,M,0.62,0.46,0.16,0.9505,0.4915,0.2,0.228,9
68,I,0.51,0.4,0.125,0.5575,0.2615,0.1195,0.1525,9
69,I,0.505,0.38,0.135,0.5385,0.2645,0.095,0.165,9
70,F,0.665,0.5,0.15,1.2475,0.4625,0.2955,0.3595,10
71,M,0.55,0.42,0.17,0.8465,0.336,0.2405,0.245,13
72,M,0.58,0.44,0.15,1.0465,0.518,0.2185,0.2795,10
73,I,0.575,0.45,0.135,0.807,0.3615,0.176,0.254,10
74,I,0.245,0.18,0.065,0.071,0.03,0.013,0.0215,4
75,I,0.39,0.28,0.09,0.215,0.0845,0.034,0.079,8
76,I,0.53,0.395,0.13,0.575,0.247,0.115,0.183,9
77,M,0.645,0.51,0.155,1.539,0.6405,0.3585,0.43,11
78,F,0.7,0.525,0.19,1.6465,0.8545,0.307,0.3995,9
79,F,0.545,0.43,0.16,0.8440000000000001,0.3945,0.1855,0.231,9
80,M,0.63,0.505,0.155,1.105,0.4920000000000001,0.226,0.325,11
81,F,0.66,0.5,0.175,1.3275,0.556,0.2805,0.4085,9
82,I,0.425,0.325,0.1,0.398,0.1185,0.0645,0.0945,6
83,M,0.65,0.5,0.155,1.202,0.565,0.3135,0.294,11
84,M,0.575,0.445,0.145,0.847,0.415,0.1945,0.22,9
85,F,0.515,0.395,0.165,0.7565,0.1905,0.17,0.3205,10
86,I,0.32,0.235,0.08,0.1485,0.064,0.031,0.045,6
87,I,0.305,0.245,0.075,0.156,0.0675,0.038,0.045,7
88,I,0.415,0.325,0.115,0.3285,0.1405,0.051,0.106,12
89,F,0.485,0.365,0.15,0.9145,0.4145,0.199,0.273,7
90,M,0.385,0.295,0.095,0.335,0.147,0.094,0.09,7
91,I,0.455,0.34,0.115,0.486,0.261,0.0655,0.1315,8
92,M,0.5,0.385,0.135,0.6425,0.3195,0.129,0.1535,7
93,I,0.155,0.105,0.05,0.0175,0.005,0.0035,0.005,4
94,M,0.56,0.425,0.135,0.8490000000000001,0.3265,0.221,0.2645,10
95,I,0.505,0.38,0.12,0.594,0.2595,0.1435,0.18,7
96,I,0.42,0.305,0.09,0.328,0.168,0.0615,0.0819999999999999,6
97,M,0.37,0.28,0.105,0.224,0.0815,0.0575,0.075,8
98,M,0.51,0.39,0.135,0.769,0.3935,0.1455,0.19,8
99,I,0.305,0.22,0.07,0.141,0.062,0.031,0.037,5
100,F,0.64,0.51,0.2,1.3905,0.61,0.3315,0.41,12
101,I,0.565,0.43,0.15,0.8215,0.332,0.1685,0.29,11
102,F,0.635,0.495,0.18,1.596,0.617,0.317,0.37,11
103,F,0.675,0.57,0.225,1.587,0.7390000000000001,0.2995,0.435,10
104,M,0.525,0.395,0.13,0.7635,0.3375,0.1425,0.225,8
105,I,0.4,0.315,0.1,0.3225,0.143,0.0735,0.091,6
106,M,0.61,0.47,0.175,1.214,0.5315,0.2835,0.325,10
107,M,0.565,0.445,0.145,0.9255,0.4345,0.212,0.2475,9
108,F,0.595,0.465,0.145,1.107,0.402,0.2415,0.31,12
109,M,0.45,0.325,0.115,0.4305,0.2235,0.0785,0.1155,8
110,M,0.545,0.425,0.135,0.8445,0.373,0.21,0.235,10
111,I,0.295,0.23,0.08,0.1625,0.065,0.05,0.0385,5
112,I,0.65,0.52,0.15,1.238,0.5495,0.296,0.3305,10
113,I,0.36,0.265,0.075,0.1785,0.0785,0.035,0.054,6
114,F,0.6,0.475,0.135,1.4405,0.5885,0.191,0.3175,9
115,F,0.585,0.46,0.165,1.058,0.486,0.25,0.294,9
116,M,0.37,0.265,0.075,0.214,0.09,0.051,0.07,6
117,I,0.43,0.34,0.125,0.384,0.1375,0.061,0.146,14
118,I,0.44,0.34,0.125,0.4895,0.1735,0.0875,0.2,13
119,F,0.565,0.45,0.165,0.9765,0.322,0.244,0.37,12
120,I,0.375,0.28,0.08,0.2165,0.0935,0.0925,0.07,7
121,I,0.39,0.3,0.1,0.3085,0.1385,0.0735,0.085,6
122,F,0.605,0.475,0.175,1.382,0.609,0.2325,0.3985,10
123,M,0.54,0.42,0.135,0.8075,0.3485,0.1795,0.235,11
124,M,0.4,0.3,0.125,0.417,0.191,0.09,0.1175,9
125,I,0.44,0.34,0.105,0.344,0.123,0.081,0.125,8
126,M,0.53,0.44,0.205,0.835,0.32,0.2175,0.245,14
127,F,0.63,0.485,0.185,1.167,0.5479999999999999,0.2485,0.34,10
128,M,0.595,0.455,0.15,1.044,0.518,0.2205,0.27,9
129,M,0.64,0.525,0.185,1.707,0.763,0.4205,0.4435,11
130,I,0.485,0.365,0.14,0.4475,0.1895,0.0925,0.2305,8
131,F,0.59,0.445,0.13,1.1325,0.3825,0.234,0.32,13
132,F,0.63,0.475,0.155,1.0005,0.452,0.252,0.265,10
133,M,0.56,0.45,0.14,0.9,0.472,0.182,0.218,7
134,M,0.53,0.425,0.155,0.7905,0.307,0.171,0.2595,9
135,F,0.62,0.495,0.17,1.062,0.3720000000000001,0.213,0.34,11
136,M,0.55,0.425,0.155,0.9175,0.2775,0.243,0.335,13
137,M,0.7,0.55,0.2,1.523,0.693,0.306,0.4405,13
138,I,0.435,0.325,0.105,0.335,0.136,0.065,0.115,8
139,I,0.535,0.39,0.125,0.599,0.2595,0.149,0.1689999999999999,9
140,F,0.67,0.54,0.195,1.619,0.74,0.3305,0.465,11
141,I,0.44,0.345,0.13,0.4495,0.209,0.0835,0.134,6
142,F,0.645,0.49,0.16,1.144,0.5015,0.289,0.319,8
143,M,0.475,0.385,0.145,0.6175,0.235,0.108,0.215,14
144,F,0.375,0.295,0.11,0.3005,0.1255,0.0575,0.1035,7
145,I,0.405,0.3,0.09,0.2885,0.138,0.0635,0.0765,6
146,F,0.62,0.48,0.165,1.043,0.4835,0.221,0.31,10
147,F,0.575,0.45,0.16,0.9775,0.3135,0.231,0.33,12
148,M,0.645,0.5,0.18,1.461,0.5985,0.2425,0.439,11
149,I,0.435,0.34,0.11,0.407,0.1685,0.073,0.13,10
150,I,0.295,0.215,0.07,0.121,0.047,0.0155,0.0405,6
151,M,0.465,0.36,0.105,0.488,0.188,0.0845,0.19,10
152,I,0.575,0.43,0.13,0.7425,0.2895,0.2005,0.22,8
153,I,0.485,0.375,0.14,0.521,0.2,0.123,0.17,8
154,I,0.485,0.37,0.13,0.458,0.181,0.113,0.136,10
155,I,0.405,0.31,0.065,0.3205,0.1575,0.066,0.088,6
156,I,0.35,0.235,0.08,0.17,0.0725,0.0465,0.0495,7
157,F,0.58,0.455,0.12,0.94,0.399,0.257,0.265,11
158,F,0.675,0.54,0.21,1.5930000000000002,0.6859999999999999,0.318,0.45,11
159,I,0.47,0.375,0.105,0.441,0.1669999999999999,0.0865,0.145,10
160,I,0.36,0.265,0.085,0.1865,0.0675,0.037,0.0615,7
161,M,0.735,0.555,0.22,2.333,1.2395,0.3645,0.6195,12
162,M,0.515,0.405,0.13,0.722,0.32,0.131,0.21,10
163,M,0.62,0.465,0.145,0.911,0.375,0.2145,0.278,10
164,I,0.515,0.4,0.125,0.5625,0.25,0.1245,0.17,7
165,I,0.555,0.395,0.13,0.5585,0.222,0.1245,0.17,9
166,F,0.6,0.45,0.15,0.9625,0.4375,0.2225,0.2775,9
167,I,0.39,0.315,0.09,0.3095,0.147,0.05,0.09,7
168,M,0.475,0.365,0.14,0.6175,0.202,0.1445,0.19,16
169,M,0.585,0.46,0.145,0.9335,0.478,0.1825,0.235,9
170,M,0.395,0.295,0.115,0.316,0.1205,0.0595,0.1105,12
171,I,0.41,0.31,0.09,0.339,0.155,0.0695,0.09,7
172,I,0.455,0.335,0.135,0.501,0.274,0.0995,0.1065,7
173,M,0.52,0.385,0.165,0.7909999999999999,0.375,0.18,0.1815,10
174,I,0.27,0.19,0.08,0.081,0.0265,0.0195,0.03,6
175,F,0.65,0.525,0.165,1.238,0.647,0.2485,0.3005,9
176,I,0.535,0.455,0.14,1.0015,0.53,0.1765,0.244,9
177,M,0.635,0.485,0.18,1.1795,0.4785,0.2775,0.355,10
178,M,0.67,0.545,0.2,1.7025,0.833,0.374,0.41,11
179,I,0.37,0.29,0.095,0.249,0.1045,0.058,0.067,6
180,I,0.215,0.155,0.06,0.0525,0.021,0.0165,0.015,5
181,I,0.2,0.145,0.06,0.037,0.0125,0.0095,0.011,4
182,F,0.54,0.475,0.155,1.217,0.5305,0.3075,0.34,16
183,F,0.6,0.46,0.145,0.9325,0.3985,0.2245,0.248,8
184,M,0.65,0.52,0.175,1.2655,0.615,0.2775,0.336,9
185,I,0.425,0.325,0.11,0.317,0.135,0.048,0.09,8
186,F,0.69,0.54,0.185,1.5715,0.6935,0.318,0.47,15
187,M,0.56,0.415,0.13,0.7615,0.3695,0.17,0.1955,8
188,I,0.475,0.38,0.12,0.441,0.1785,0.0885,0.1505,8
189,F,0.695,0.55,0.155,1.8495,0.767,0.442,0.4175,10
190,M,0.47,0.36,0.135,0.501,0.1665,0.115,0.165,10
191,F,0.33,0.26,0.08,0.2,0.0625,0.05,0.07,9
192,M,0.6,0.495,0.175,1.3005,0.6195,0.284,0.3285,11
193,I,0.61,0.475,0.17,1.0385,0.4435,0.241,0.32,14
194,M,0.42,0.335,0.115,0.369,0.171,0.071,0.12,8
195,F,0.53,0.42,0.13,1.001,0.34,0.226,0.265,17
196,F,0.625,0.49,0.155,1.33,0.6675,0.259,0.33,10
197,M,0.495,0.415,0.165,0.7485,0.264,0.134,0.285,13
198,I,0.545,0.425,0.14,0.8145,0.305,0.231,0.244,10
199,F,0.48,0.38,0.135,0.507,0.1915,0.1365,0.155,12
200,F,0.645,0.51,0.19,1.3630000000000002,0.573,0.362,0.36,10
201,M,0.445,0.32,0.12,0.414,0.199,0.09,0.117,7
202,F,0.615,0.515,0.135,1.1215,0.545,0.2305,0.29,9
203,I,0.5,0.41,0.14,0.6615,0.2585,0.1625,0.196,9
204,F,0.605,0.515,0.17,1.289,0.6,0.2945,0.3315,9
205,F,0.515,0.425,0.135,0.7120000000000001,0.2665,0.1605,0.25,11
206,I,0.34,0.26,0.085,0.1885,0.0815,0.0335,0.06,6
207,I,0.2,0.15,0.04,0.046,0.021,0.0069999999999999,0.0065,4
208,M,0.39,0.28,0.125,0.564,0.3035,0.0955,0.143,7
209,I,0.51,0.405,0.125,0.6795,0.3465,0.1395,0.182,8
210,M,0.545,0.41,0.14,0.625,0.223,0.16,0.235,13
211,I,0.195,0.15,0.045,0.0375,0.018,0.006,0.011,3
212,M,0.615,0.475,0.175,1.224,0.6035,0.261,0.311,9
213,F,0.45,0.36,0.125,0.4995,0.2035,0.1,0.17,13
214,F,0.575,0.43,0.155,0.7955,0.3485,0.1925,0.22,9
215,F,0.66,0.535,0.205,1.4415,0.5925,0.2775,0.49,10
216,M,0.515,0.395,0.12,0.6459999999999999,0.285,0.1365,0.172,9
217,M,0.675,0.555,0.2,1.4385,0.545,0.2665,0.465,21
218,F,0.71,0.555,0.17,1.47,0.5375,0.38,0.431,12
219,I,0.395,0.295,0.095,0.2725,0.115,0.0625,0.085,8
220,F,0.74,0.565,0.205,2.119,0.9655,0.5185,0.482,12
221,F,0.565,0.4,0.13,0.6975,0.3075,0.1665,0.18,8
222,I,0.515,0.36,0.125,0.4725,0.1815,0.125,0.138,9
223,I,0.5,0.385,0.12,0.516,0.197,0.1305,0.165,8
224,M,0.495,0.395,0.125,0.5415,0.2375,0.1345,0.155,9
225,I,0.45,0.335,0.105,0.447,0.2335,0.153,0.119,7
226,F,0.665,0.53,0.18,1.491,0.6345,0.342,0.435,10
227,M,0.495,0.38,0.12,0.474,0.197,0.1065,0.1545,10
228,M,0.545,0.45,0.15,0.978,0.3365,0.1905,0.3,11
229,I,0.42,0.32,0.11,0.309,0.115,0.0645,0.0945,6
230,I,0.375,0.275,0.095,0.2465,0.11,0.0415,0.0775,6
231,M,0.47,0.37,0.13,0.5225,0.201,0.133,0.165,7
232,I,0.405,0.285,0.09,0.2645,0.1265,0.0505,0.075,6
233,F,0.43,0.35,0.09,0.397,0.1575,0.089,0.12,9
234,I,0.255,0.195,0.055,0.0725,0.0285,0.017,0.021,4
235,I,0.355,0.28,0.11,0.2235,0.0815,0.0525,0.08,7
236,F,0.61,0.495,0.185,1.1085,0.3705,0.3135,0.33,12
237,M,0.515,0.405,0.145,0.695,0.215,0.1635,0.234,15
238,I,0.37,0.28,0.085,0.198,0.0805,0.0455,0.058,5
239,I,0.51,0.4,0.145,0.5775,0.231,0.143,0.177,9
240,M,0.62,0.495,0.18,1.2555,0.5765,0.254,0.355,12
241,M,0.595,0.47,0.165,1.108,0.4915,0.2325,0.3345,9
242,F,0.595,0.47,0.25,1.283,0.462,0.2475,0.445,14
243,M,0.565,0.455,0.15,0.9595,0.4565,0.2395,0.23,9
244,F,0.695,0.535,0.175,1.361,0.5465,0.2815,0.465,10
245,F,0.565,0.46,0.15,0.8765,0.3455,0.1925,0.275,10
246,M,0.45,0.36,0.16,0.5670000000000001,0.174,0.1245,0.225,12
247,M,0.625,0.49,0.165,1.1165,0.4895,0.2615,0.3325,11
248,I,0.41,0.335,0.105,0.3305,0.1405,0.064,0.105,7
249,F,0.45,0.365,0.115,0.5885,0.318,0.121,0.1325,8
250,F,0.565,0.45,0.175,1.2365,0.5305,0.2455,0.308,10
251,I,0.53,0.405,0.13,0.6615,0.2945,0.1395,0.19,9
252,M,0.55,0.45,0.15,1.0145,0.407,0.2015,0.2875,10
253,I,0.575,0.45,0.135,0.8715,0.45,0.162,0.225,10
254,M,0.57,0.42,0.14,0.8745,0.416,0.165,0.25,8
255,I,0.465,0.345,0.11,0.4415,0.1755,0.0905,0.12,7
256,I,0.16,0.12,0.035,0.021,0.0075,0.0045,0.005,5
257,F,0.61,0.48,0.19,1.2955,0.5215,0.3225,0.365,12
258,F,0.575,0.45,0.17,1.0475,0.3775,0.1705,0.385,18
259,F,0.615,0.475,0.175,1.194,0.5589999999999999,0.259,0.3165,11
260,M,0.56,0.42,0.15,0.8755,0.44,0.1965,0.2315,8
261,F,0.725,0.6,0.2,1.737,0.6970000000000001,0.3585,0.595,11
262,I,0.285,0.21,0.07,0.109,0.044,0.0265,0.033,5
263,I,0.53,0.425,0.13,0.7675,0.419,0.1205,0.21,9
264,I,0.495,0.375,0.115,0.5755,0.31,0.1145,0.1395,8
265,M,0.385,0.285,0.105,0.2905,0.1215,0.0685,0.0875,12
266,F,0.6,0.5,0.17,1.13,0.4405,0.267,0.335,11
267,M,0.57,0.46,0.15,1.0375,0.5415,0.2035,0.25,9
268,M,0.535,0.42,0.165,0.9195,0.3355,0.1985,0.26,16
269,F,0.495,0.37,0.12,0.594,0.28,0.11,0.1375,7
270,I,0.43,0.325,0.09,0.425,0.217,0.087,0.095,7
271,F,0.51,0.34,0.18,0.7005,0.312,0.165,0.2,11
272,I,0.52,0.38,0.13,0.5345,0.2375,0.122,0.1535,8
273,M,0.33,0.215,0.075,0.1145,0.045,0.0265,0.035,6
274,M,0.605,0.475,0.145,0.884,0.3835,0.1905,0.27,8
275,I,0.485,0.375,0.13,0.6025,0.2935,0.1285,0.16,7
276,F,0.61,0.45,0.13,0.8725,0.389,0.1715,0.272,11
277,I,0.455,0.37,0.11,0.514,0.2385,0.1235,0.126,8
278,I,0.48,0.35,0.105,0.635,0.352,0.127,0.135,6
279,M,0.755,0.58,0.205,2.0065,0.8295,0.4015,0.595,10
280,F,0.585,0.47,0.17,1.099,0.3975,0.2325,0.358,20
281,M,0.63,0.505,0.165,1.26,0.4525,0.2755,0.406,14
282,M,0.6,0.45,0.145,0.877,0.4325,0.155,0.24,9
283,F,0.695,0.55,0.185,1.679,0.805,0.4015,0.3965,10
284,F,0.545,0.44,0.135,0.9185,0.429,0.2015,0.2375,10
285,F,0.38,0.305,0.095,0.2815,0.1255,0.0525,0.09,8
286,I,0.13,0.1,0.03,0.013,0.0045,0.003,0.004,3
287,M,0.485,0.37,0.14,0.5725,0.204,0.1415,0.175,10
288,M,0.345,0.27,0.09,0.195,0.078,0.0455,0.059,9
289,M,0.635,0.495,0.17,1.3695,0.657,0.3055,0.365,10
290,M,0.6,0.465,0.165,1.0475,0.465,0.2345,0.315,11
291,F,0.48,0.38,0.145,0.59,0.232,0.141,0.23,12
292,M,0.555,0.435,0.145,0.9685,0.4985,0.168,0.2385,9
293,F,0.65,0.5,0.165,1.1445,0.485,0.218,0.365,12
294,I,0.51,0.385,0.145,0.7665,0.3985,0.14,0.1805,8
295,F,0.625,0.485,0.16,1.254,0.591,0.259,0.3485,9
296,M,0.67,0.505,0.16,1.2585,0.6255,0.311,0.308,12
297,F,0.49,0.4,0.145,0.6635,0.21,0.1295,0.2515,13
298,F,0.675,0.53,0.195,1.4985,0.62,0.375,0.425,9
299,M,0.575,0.48,0.15,0.9465,0.4355,0.2605,0.2505,9
300,F,0.45,0.36,0.125,0.5065,0.222,0.105,0.16,10
301,F,0.375,0.27,0.135,0.597,0.272,0.131,0.1675,7
302,M,0.56,0.46,0.235,0.8395,0.3325,0.157,0.305,12
303,F,0.43,0.335,0.12,0.444,0.155,0.1145,0.14,13
304,M,0.66,0.52,0.19,1.558,0.755,0.298,0.4,10
305,M,0.37,0.28,0.1,0.252,0.1065,0.0595,0.074,8
306,I,0.5,0.375,0.125,0.5695,0.259,0.124,0.157,7
307,M,0.68,0.53,0.205,1.496,0.5825,0.337,0.465,14
308,I,0.595,0.475,0.155,0.984,0.4865,0.184,0.2755,10
309,I,0.465,0.355,0.12,0.4975,0.2375,0.099,0.14,8
310,I,0.42,0.325,0.115,0.314,0.1295,0.0635,0.1,8
311,I,0.385,0.28,0.095,0.257,0.119,0.059,0.07,7
312,M,0.555,0.435,0.145,0.9205,0.404,0.2275,0.255,8
313,F,0.78,0.63,0.215,2.657,1.4880000000000002,0.4985,0.586,11
314,I,0.445,0.325,0.1,0.378,0.1795,0.1,0.089,7
315,M,0.69,0.525,0.2,1.7825,0.9165,0.3325,0.461,12
316,M,0.72,0.57,0.2,1.8275,0.919,0.366,0.485,10
317,M,0.625,0.495,0.155,1.177,0.5055,0.278,0.345,9
318,M,0.735,0.57,0.21,2.2355,1.1705,0.463,0.5315,10
319,F,0.55,0.41,0.145,0.8285,0.3095,0.1905,0.25,13
320,M,0.53,0.415,0.175,0.7395,0.261,0.1395,0.2645,17
321,M,0.635,0.5,0.165,1.273,0.6535,0.213,0.365,12
322,M,0.605,0.49,0.165,1.1245,0.4920000000000001,0.222,0.3555,11
323,I,0.575,0.455,0.18,0.8525,0.3015,0.1825,0.3,13
324,I,0.345,0.255,0.085,0.2005,0.105,0.037,0.05,5
325,I,0.42,0.33,0.1,0.352,0.1635,0.089,0.1,9
326,I,0.44,0.355,0.12,0.495,0.231,0.11,0.125,7
327,I,0.525,0.405,0.145,0.6965,0.3045,0.1535,0.21,8
328,F,0.71,0.54,0.205,1.5805,0.802,0.287,0.435,10
329,F,0.535,0.405,0.145,0.6845,0.2725,0.171,0.205,10
330,F,0.615,0.475,0.155,1.004,0.4475,0.193,0.2895,10
331,I,0.475,0.35,0.125,0.4225,0.1905,0.079,0.1355,9
332,F,0.685,0.545,0.18,1.768,0.7495,0.392,0.485,16
333,I,0.44,0.345,0.115,0.545,0.269,0.111,0.1305,6
334,M,0.48,0.365,0.12,0.6015,0.312,0.117,0.14,7
335,F,0.475,0.365,0.13,0.4805,0.1905,0.114,0.1475,12
336,I,0.415,0.32,0.11,0.3735,0.175,0.0755,0.109,7
337,I,0.34,0.265,0.08,0.2015,0.09,0.0475,0.055,5
338,F,0.585,0.45,0.16,0.9045,0.405,0.2215,0.2335,8
339,M,0.38,0.285,0.1,0.2665,0.115,0.061,0.075,11
340,M,0.36,0.295,0.105,0.241,0.0865,0.053,0.095,8
341,F,0.75,0.565,0.215,1.938,0.7735,0.4825,0.575,11
342,M,0.425,0.325,0.1,0.3295,0.1365,0.0725,0.11,7
343,M,0.555,0.405,0.19,1.406,0.6115,0.342,0.389,10
344,I,0.385,0.29,0.1,0.2575,0.1,0.061,0.086,6
345,F,0.325,0.26,0.09,0.1915,0.085,0.036,0.062,7
346,M,0.52,0.425,0.155,0.7735,0.297,0.123,0.255,17
347,I,0.26,0.215,0.08,0.099,0.037,0.0255,0.045,5
348,M,0.695,0.55,0.215,1.9565,0.7125,0.541,0.59,14
349,I,0.36,0.27,0.085,0.2185,0.1065,0.038,0.062,6
350,I,0.53,0.38,0.125,0.616,0.292,0.113,0.185,8
351,M,0.62,0.45,0.2,0.858,0.4285,0.1525,0.2405,8
352,I,0.41,0.31,0.11,0.315,0.124,0.0819999999999999,0.095,9
353,M,0.59,0.47,0.18,1.1235,0.4205,0.2805,0.36,13
354,M,0.59,0.485,0.155,1.0785,0.4535,0.2435,0.31,9
355,I,0.54,0.415,0.135,0.7090000000000001,0.3195,0.174,0.185,9
356,F,0.565,0.45,0.165,0.887,0.37,0.239,0.249,11
357,M,0.6,0.495,0.165,1.2415,0.485,0.2775,0.34,15
358,F,0.64,0.505,0.165,1.2235,0.5215,0.2695,0.36,10
359,M,0.585,0.45,0.18,0.7995,0.336,0.1855,0.237,8
360,M,0.62,0.5,0.165,1.307,0.6355,0.2545,0.315,9
361,F,0.64,0.5,0.15,1.0705,0.371,0.2705,0.36,8
362,F,0.565,0.455,0.15,0.8205,0.365,0.159,0.26,18
363,M,0.55,0.425,0.15,0.8315,0.411,0.1765,0.2165,10
364,F,0.47,0.36,0.1,0.4705,0.1635,0.089,0.1385,8
365,I,0.495,0.38,0.145,0.515,0.175,0.098,0.212,13
366,F,0.575,0.46,0.165,1.124,0.2985,0.1785,0.44,13
367,M,0.605,0.485,0.175,1.145,0.4325,0.27,0.405,16
368,M,0.585,0.455,0.155,1.133,0.5515,0.223,0.305,12
369,I,0.29,0.225,0.075,0.152,0.071,0.059,0.045,9
370,I,0.29,0.215,0.06,0.1115,0.053,0.0185,0.032,5
371,F,0.61,0.495,0.165,1.0835,0.4525,0.273,0.317,9
372,F,0.575,0.465,0.14,0.958,0.442,0.1815,0.2705,9
373,I,0.59,0.45,0.16,0.893,0.2745,0.2185,0.345,14
374,M,0.71,0.575,0.215,2.009,0.9895,0.4475,0.502,11
375,I,0.36,0.275,0.095,0.217,0.084,0.0435,0.09,7
376,I,0.57,0.42,0.13,0.7745,0.3535,0.1505,0.2365,9
377,I,0.33,0.255,0.085,0.1655,0.063,0.039,0.06,8
378,M,0.63,0.485,0.165,1.233,0.6565,0.2315,0.3035,10
379,M,0.695,0.57,0.23,1.885,0.8665,0.435,0.5,19
380,M,0.5,0.38,0.135,0.5835,0.2295,0.1265,0.18,12
381,I,0.515,0.39,0.125,0.5705,0.238,0.1265,0.185,8
382,M,0.645,0.515,0.24,1.5415,0.471,0.369,0.535,13
383,I,0.455,0.33,0.1,0.3720000000000001,0.358,0.0775,0.11,8
384,F,0.655,0.51,0.175,1.6525,0.8515,0.3365,0.403,10
385,F,0.715,0.585,0.23,2.0725,0.8655,0.4095,0.565,10
386,F,0.565,0.445,0.155,0.826,0.341,0.2055,0.2475,10
387,I,0.52,0.415,0.14,0.6385,0.2945,0.1405,0.171,8
388,M,0.54,0.455,0.14,0.972,0.419,0.255,0.269,10
389,F,0.595,0.455,0.16,1.04,0.452,0.2655,0.288,9
390,I,0.32,0.215,0.095,0.305,0.14,0.067,0.0885,6
391,M,0.72,0.55,0.205,2.165,1.1055,0.525,0.404,10
392,I,0.42,0.325,0.1,0.368,0.1675,0.0625,0.1135,11
393,I,0.435,0.3,0.12,0.5965,0.259,0.139,0.1645,8
394,I,0.41,0.315,0.095,0.2805,0.114,0.0345,0.11,7
395,M,0.58,0.43,0.125,0.9115,0.446,0.2075,0.121,10
396,F,0.525,0.41,0.15,0.708,0.274,0.151,0.25,12
397,I,0.505,0.385,0.125,0.596,0.245,0.097,0.21,9
398,F,0.29,0.21,0.075,0.275,0.113,0.0675,0.035,6
399,F,0.605,0.485,0.16,1.222,0.53,0.2575,0.28,13
400,F,0.7,0.56,0.175,1.6605,0.8605,0.3275,0.398,11
401,I,0.37,0.275,0.14,0.2215,0.097,0.0455,0.0615,6
402,F,0.61,0.475,0.15,1.1135,0.5195,0.2575,0.3005,11
403,F,0.51,0.39,0.135,0.6335,0.231,0.179,0.2,9
404,M,0.44,0.375,0.13,0.487,0.226,0.0965,0.155,9
405,I,0.495,0.37,0.125,0.4775,0.185,0.0705,0.1689999999999999,18
406,I,0.5,0.375,0.14,0.5589999999999999,0.2375,0.135,0.1689999999999999,9
407,I,0.54,0.415,0.155,0.7020000000000001,0.322,0.1669999999999999,0.19,10
408,I,0.395,0.32,0.1,0.3075,0.149,0.0535,0.09,8
409,F,0.535,0.425,0.135,0.7709999999999999,0.3765,0.1815,0.1795,8
410,M,0.65,0.515,0.125,1.1805,0.5235,0.283,0.3275,9
411,F,0.55,0.44,0.155,0.946,0.313,0.1825,0.335,16
412,I,0.48,0.355,0.115,0.5785,0.25,0.106,0.184,8
413,I,0.555,0.43,0.15,0.7829999999999999,0.345,0.1755,0.247,9
414,F,0.695,0.535,0.175,1.8385,0.8035,0.396,0.503,10
415,M,0.26,0.19,0.075,0.0945,0.0445,0.02,0.03,6
416,I,0.52,0.38,0.135,0.5395,0.2295,0.133,0.157,8
417,I,0.625,0.46,0.16,1.2395,0.55,0.273,0.38,14
418,I,0.425,0.38,0.105,0.3265,0.1285,0.0785,0.1,10
419,I,0.41,0.33,0.105,0.335,0.1525,0.074,0.11,7
420,M,0.615,0.48,0.19,1.36,0.5305,0.2375,0.47,18
421,I,0.335,0.24,0.095,0.17,0.062,0.039,0.055,9
422,F,0.55,0.43,0.14,0.7135,0.2565,0.186,0.225,9
423,F,0.615,0.5,0.175,1.3769999999999998,0.5585,0.33,0.292,12
424,I,0.575,0.445,0.16,0.9175,0.45,0.1935,0.24,9
425,M,0.665,0.515,0.2,1.2695,0.5115,0.2675,0.436,12
426,M,0.61,0.48,0.14,1.0625,0.516,0.225,0.2915,11
427,M,0.655,0.53,0.195,1.388,0.5670000000000001,0.2735,0.41,13
428,M,0.625,0.49,0.165,1.205,0.5175,0.3105,0.3465,10
429,I,0.545,0.43,0.15,0.742,0.3525,0.158,0.208,10
430,F,0.57,0.46,0.135,0.9795,0.397,0.2525,0.2655,9
431,M,0.34,0.265,0.085,0.1835,0.077,0.046,0.065,10
432,M,0.485,0.39,0.085,0.6435,0.2945,0.103,0.198,8
433,I,0.38,0.29,0.085,0.2285,0.088,0.0465,0.075,7
434,I,0.395,0.305,0.105,0.284,0.1135,0.0595,0.0945,8
435,F,0.54,0.42,0.145,0.8655,0.4315,0.163,0.2175,10
436,I,0.475,0.365,0.1,0.1315,0.2025,0.0875,0.123,7
437,I,0.425,0.31,0.095,0.3075,0.139,0.0745,0.093,7
438,F,0.625,0.49,0.155,1.2085,0.465,0.162,0.411,11
439,F,0.47,0.355,0.1,0.4755,0.1675,0.0805,0.185,10
440,M,0.55,0.435,0.11,0.8059999999999999,0.3415,0.203,0.215,9
441,F,0.625,0.495,0.16,1.234,0.6335,0.192,0.35,13
442,F,0.56,0.43,0.145,0.898,0.3895,0.2325,0.245,9
443,I,0.445,0.33,0.1,0.4370000000000001,0.163,0.0755,0.17,13
444,F,0.705,0.56,0.17,1.4575,0.607,0.318,0.44,11
445,M,0.33,0.25,0.09,0.197,0.085,0.041,0.0605,10
446,M,0.525,0.4,0.17,0.7305,0.279,0.2055,0.195,11
447,F,0.65,0.545,0.175,1.5245,0.59,0.326,0.495,10
448,I,0.465,0.355,0.105,0.442,0.2085,0.0975,0.1185,7
449,F,0.68,0.55,0.2,1.596,0.525,0.4075,0.585,21
450,I,0.46,0.35,0.1,0.471,0.252,0.077,0.123,8
451,M,0.505,0.4,0.135,0.723,0.377,0.149,0.178,7
452,F,0.61,0.475,0.16,1.1155,0.3835,0.223,0.379,10
453,I,0.375,0.28,0.08,0.2235,0.115,0.043,0.055,6
454,I,0.36,0.285,0.105,0.2415,0.0915,0.057,0.075,7
455,I,0.375,0.285,0.08,0.226,0.0975,0.04,0.0725,7
456,I,0.375,0.29,0.095,0.2875,0.123,0.0605,0.08,6
457,F,0.59,0.455,0.15,0.976,0.465,0.2055,0.2765,10
458,M,0.36,0.295,0.1,0.2105,0.066,0.0525,0.075,9
459,M,0.665,0.525,0.16,1.3630000000000002,0.629,0.279,0.34,8
460,M,0.565,0.415,0.125,0.667,0.302,0.1545,0.185,7
461,I,0.36,0.26,0.08,0.1795,0.074,0.0315,0.06,5
462,F,0.665,0.515,0.18,1.389,0.5945,0.324,0.395,10
463,F,0.62,0.48,0.16,1.1125,0.5635,0.2445,0.281,8
464,I,0.11,0.09,0.03,0.008,0.0025,0.002,0.003,3
465,M,0.525,0.4,0.14,0.7205,0.3685,0.145,0.1735,8
466,M,0.415,0.315,0.125,0.388,0.068,0.09,0.125,12
467,I,0.415,0.315,0.09,0.3625,0.175,0.0835,0.093,6
468,I,0.35,0.25,0.075,0.1695,0.0835,0.0355,0.041,6
469,F,0.585,0.435,0.14,0.6955,0.3085,0.129,0.2245,8
470,M,0.58,0.46,0.165,1.2275,0.473,0.1965,0.435,16
471,F,0.66,0.525,0.16,1.277,0.4975,0.319,0.394,13
472,M,0.58,0.45,0.14,1.013,0.38,0.216,0.36,14
473,M,0.46,0.35,0.125,0.5165,0.1885,0.1145,0.185,9
474,F,0.645,0.525,0.2,1.449,0.601,0.2565,0.505,13
475,I,0.53,0.43,0.14,0.677,0.298,0.0965,0.23,8
476,M,0.55,0.46,0.175,0.8690000000000001,0.3155,0.1825,0.32,10
477,M,0.445,0.345,0.14,0.476,0.2055,0.1015,0.1085,15
478,M,0.6,0.475,0.15,0.99,0.386,0.2195,0.3105,10
479,I,0.525,0.415,0.12,0.596,0.2805,0.12,0.1695,9
480,M,0.665,0.525,0.155,1.3575,0.5325,0.3045,0.4485,10
481,M,0.63,0.485,0.18,1.2435,0.5175,0.308,0.37,11
482,M,0.645,0.52,0.175,1.636,0.779,0.342,0.4320000000000001,11
483,I,0.395,0.325,0.105,0.306,0.111,0.0735,0.095,8
484,I,0.62,0.49,0.16,1.0659999999999998,0.446,0.246,0.305,11
485,I,0.61,0.46,0.17,1.278,0.41,0.257,0.37,17
486,F,0.645,0.51,0.18,1.6195,0.7815,0.322,0.4675,12
487,M,0.695,0.57,0.2,2.033,0.7509999999999999,0.4255,0.685,15
488,M,0.59,0.465,0.135,0.9895,0.4235,0.199,0.28,8
489,I,0.29,0.21,0.06,0.1195,0.056,0.0235,0.03,6
490,M,0.455,0.345,0.125,0.44,0.1689999999999999,0.1065,0.135,12
491,I,0.335,0.245,0.09,0.1665,0.0595,0.04,0.06,6
492,M,0.255,0.195,0.065,0.08,0.0315,0.018,0.027,8
493,I,0.575,0.475,0.17,0.967,0.3775,0.284,0.275,13
494,I,0.45,0.35,0.135,0.494,0.2205,0.0945,0.1405,7
495,I,0.43,0.34,0.105,0.4405,0.2385,0.0745,0.1075,6
496,F,0.625,0.475,0.16,1.3335,0.605,0.2875,0.319,10
497,M,0.35,0.265,0.09,0.197,0.073,0.0365,0.077,7
498,F,0.615,0.455,0.135,1.0590000000000002,0.4735,0.263,0.274,9
499,I,0.355,0.27,0.1,0.2255,0.11,0.042,0.064,7
500,M,0.575,0.455,0.165,0.867,0.3765,0.1805,0.268,8
501,F,0.655,0.53,0.165,1.2835,0.583,0.1255,0.4,8
502,I,0.545,0.375,0.12,0.5429999999999999,0.2375,0.1155,0.1725,8
503,F,0.55,0.47,0.15,0.9205,0.381,0.2435,0.2675,10
504,F,0.64,0.49,0.18,1.36,0.653,0.347,0.305,9
505,M,0.775,0.63,0.25,2.7795,1.3485,0.76,0.578,12
506,I,0.55,0.425,0.155,0.8725,0.412,0.187,0.2425,10
507,M,0.715,0.525,0.2,1.89,0.95,0.436,0.4305,10
508,I,0.36,0.275,0.075,0.2205,0.0985,0.044,0.066,7
509,M,0.44,0.365,0.125,0.516,0.2155,0.114,0.155,10
510,F,0.575,0.48,0.17,1.1,0.506,0.2485,0.31,10
511,I,0.37,0.275,0.1,0.22,0.094,0.045,0.065,7
512,M,0.74,0.595,0.19,2.3235,1.1495,0.5115,0.505,11
513,F,0.57,0.465,0.155,0.872,0.3245,0.239,0.285,14
514,F,0.595,0.475,0.17,1.247,0.48,0.225,0.425,20
515,F,0.525,0.4,0.13,0.6995,0.3115,0.131,0.223,9
516,M,0.46,0.34,0.135,0.495,0.1655,0.117,0.185,10
517,I,0.275,0.22,0.08,0.1365,0.0565,0.0285,0.042,6
518,M,0.495,0.4,0.14,0.7775,0.2015,0.18,0.25,15
519,M,0.46,0.36,0.125,0.547,0.2165,0.1105,0.19,8
520,F,0.63,0.5,0.155,1.005,0.3670000000000001,0.199,0.36,16
521,I,0.53,0.42,0.13,0.6579999999999999,0.296,0.1245,0.198,8
522,I,0.575,0.45,0.145,0.795,0.364,0.1505,0.26,10
523,F,0.505,0.4,0.165,0.7290000000000001,0.2675,0.155,0.25,9
524,F,0.55,0.47,0.15,0.897,0.377,0.184,0.29,9
525,F,0.695,0.56,0.22,1.834,0.8455,0.422,0.455,11
526,M,0.62,0.47,0.145,1.0865,0.511,0.2715,0.2565,10
527,I,0.36,0.27,0.085,0.196,0.0875,0.035,0.064,4
528,I,0.405,0.3,0.105,0.304,0.1455,0.061,0.0805,6
529,M,0.43,0.335,0.115,0.406,0.166,0.0935,0.135,8
530,F,0.685,0.525,0.175,1.71,0.5415,0.309,0.58,16
531,M,0.495,0.375,0.115,0.6245,0.282,0.143,0.155,6
532,F,0.68,0.57,0.205,1.842,0.625,0.408,0.65,20
533,I,0.565,0.44,0.175,0.8735,0.414,0.21,0.21,11
534,M,0.525,0.405,0.135,0.7575,0.3305,0.216,0.195,10
535,M,0.55,0.43,0.15,0.8745,0.413,0.1905,0.248,9
536,M,0.475,0.385,0.12,0.562,0.289,0.0905,0.153,8
537,I,0.54,0.43,0.14,0.8195,0.3935,0.1725,0.2295,9
538,M,0.525,0.395,0.165,0.782,0.285,0.1405,0.285,19
539,F,0.58,0.45,0.17,0.9705,0.4615,0.232,0.248,9
540,M,0.295,0.23,0.085,0.125,0.042,0.0285,0.043,8
541,F,0.485,0.375,0.135,0.556,0.1925,0.1315,0.1685,10
542,I,0.5,0.385,0.11,0.596,0.3015,0.104,0.151,8
543,F,0.685,0.53,0.17,1.5105,0.7385,0.3525,0.3725,10
544,I,0.34,0.245,0.085,0.2015,0.1005,0.038,0.053,6
545,M,0.335,0.265,0.105,0.222,0.0935,0.056,0.075,7
546,F,0.53,0.44,0.135,0.7835,0.313,0.1715,0.2185,9
547,F,0.615,0.495,0.16,1.255,0.5815,0.3195,0.3225,12
548,F,0.52,0.405,0.115,0.7759999999999999,0.32,0.1845,0.22,8
549,F,0.58,0.48,0.18,1.2495,0.4945,0.27,0.371,8
550,I,0.575,0.45,0.145,0.872,0.4675,0.18,0.217,9
551,M,0.58,0.44,0.175,1.2255,0.5405,0.2705,0.3265,10
552,M,0.74,0.58,0.205,2.381,0.8155,0.4695,0.488,12
553,I,0.375,0.28,0.1,0.2565,0.1165,0.0585,0.0725,12
554,F,0.45,0.38,0.165,0.8165,0.25,0.1915,0.265,23
555,M,0.53,0.42,0.135,0.675,0.294,0.156,0.1825,10
556,I,0.525,0.39,0.105,0.5670000000000001,0.2875,0.1075,0.16,8
557,I,0.405,0.3,0.11,0.32,0.172,0.044,0.093,7
558,I,0.53,0.42,0.13,0.8365,0.3745,0.1669999999999999,0.249,11
559,I,0.32,0.235,0.065,0.1385,0.058,0.0225,0.05,5
560,I,0.6,0.48,0.17,0.9175,0.38,0.2225,0.29,8
561,I,0.38,0.285,0.09,0.2305,0.1005,0.039,0.0775,7
562,M,0.5,0.39,0.135,0.7815,0.361,0.1575,0.2385,9
563,M,0.64,0.585,0.195,1.6469999999999998,0.7225,0.331,0.471,12
564,I,0.3,0.22,0.065,0.1195,0.052,0.0155,0.035,5
565,F,0.64,0.54,0.175,1.221,0.51,0.259,0.39,15
566,I,0.185,0.13,0.045,0.029,0.012,0.0075,0.0095,4
567,F,0.37,0.295,0.1,0.2685,0.1165,0.056,0.0835,7
568,M,0.63,0.53,0.18,1.2795,0.618,0.256,0.315,9
569,I,0.365,0.27,0.075,0.2215,0.095,0.0445,0.07,6
570,M,0.555,0.43,0.165,0.7575,0.2735,0.1635,0.275,13
571,F,0.605,0.485,0.16,1.2009999999999998,0.417,0.2875,0.38,9
572,M,0.67,0.525,0.2,1.7405,0.6205,0.297,0.657,11
573,F,0.625,0.485,0.135,1.3025,0.61,0.2675,0.3605,14
574,F,0.435,0.35,0.11,0.384,0.143,0.1005,0.125,13
575,I,0.515,0.385,0.125,0.5720000000000001,0.237,0.1435,0.165,7
576,M,0.51,0.39,0.125,0.6565,0.262,0.1835,0.175,10
577,M,0.695,0.55,0.205,2.173,1.133,0.4665,0.496,10
578,I,0.245,0.175,0.055,0.0785,0.04,0.018,0.02,5
579,F,0.635,0.5,0.165,1.4595,0.705,0.2645,0.39,9
580,M,0.5,0.39,0.135,0.6595,0.3145,0.1535,0.1565,6
581,F,0.525,0.425,0.16,0.8355,0.3545,0.2135,0.245,9
582,I,0.55,0.435,0.165,0.804,0.34,0.194,0.244,8
583,M,0.385,0.275,0.115,0.2685,0.0975,0.0825,0.085,8
584,F,0.63,0.505,0.165,1.065,0.4595,0.216,0.315,12
585,I,0.275,0.195,0.07,0.0875,0.0345,0.022,0.0255,4
586,I,0.4,0.315,0.085,0.2675,0.116,0.0585,0.0765,6
587,M,0.455,0.35,0.105,0.401,0.1575,0.083,0.135,9
588,I,0.45,0.35,0.14,0.474,0.21,0.109,0.1275,16
589,F,0.655,0.505,0.175,1.2905,0.6205,0.2965,0.326,10
590,F,0.61,0.485,0.18,1.2795,0.5735,0.2855,0.355,7
591,M,0.57,0.455,0.175,1.02,0.4805,0.2145,0.29,9
592,I,0.255,0.185,0.06,0.0925,0.039,0.021,0.025,6
593,M,0.475,0.36,0.12,0.578,0.2825,0.12,0.17,8
594,M,0.335,0.265,0.095,0.1975,0.0795,0.0375,0.07,9
595,M,0.53,0.41,0.155,0.7155,0.2805,0.1685,0.214,11
596,I,0.32,0.235,0.09,0.183,0.098,0.0335,0.042,7
597,M,0.58,0.47,0.165,0.927,0.3215,0.1985,0.315,11
598,I,0.285,0.22,0.065,0.096,0.0405,0.0205,0.03,5
599,F,0.625,0.49,0.175,1.1075,0.4485,0.2165,0.3595,8
600,I,0.31,0.225,0.05,0.1445,0.0675,0.0385,0.045,6
601,F,0.535,0.435,0.16,0.8105,0.3155,0.1795,0.24,10
602,F,0.56,0.43,0.15,0.8825,0.3465,0.172,0.31,9
603,M,0.475,0.375,0.12,0.563,0.2525,0.1205,0.185,10
604,F,0.675,0.53,0.175,1.4465,0.6775,0.33,0.389,10
605,M,0.61,0.475,0.165,1.116,0.428,0.2205,0.315,15
606,F,0.57,0.495,0.16,1.0915,0.452,0.275,0.315,14
607,F,0.55,0.43,0.125,0.923,0.4035,0.175,0.283,8
608,I,0.47,0.355,0.12,0.4915,0.1765,0.1125,0.1325,9
609,F,0.545,0.41,0.115,0.6765,0.29,0.158,0.22,9
610,F,0.64,0.54,0.175,1.571,0.627,0.271,0.475,18
611,I,0.21,0.15,0.055,0.0465,0.017,0.012,0.015,5
612,M,0.515,0.385,0.11,0.5785,0.253,0.16,0.14,8
613,M,0.67,0.525,0.165,1.6085,0.682,0.3145,0.4005,11
614,F,0.56,0.445,0.18,0.903,0.3575,0.2045,0.295,9
615,M,0.615,0.47,0.16,1.0175,0.473,0.2395,0.28,10
616,M,0.65,0.515,0.175,1.4805,0.5295,0.272,0.525,20
617,M,0.66,0.51,0.165,1.6375,0.7685,0.3545,0.3925,14
618,M,0.555,0.44,0.15,1.092,0.416,0.212,0.4405,15
619,I,0.53,0.4,0.125,0.617,0.279,0.127,0.19,8
620,F,0.57,0.44,0.12,0.8029999999999999,0.382,0.1525,0.234,9
621,I,0.375,0.285,0.09,0.257,0.1045,0.062,0.075,7
622,M,0.59,0.405,0.15,0.853,0.326,0.2615,0.245,9
623,M,0.59,0.47,0.155,1.1735,0.6245,0.233,0.2595,9
624,F,0.525,0.4,0.135,0.7140000000000001,0.318,0.138,0.208,10
625,I,0.365,0.27,0.085,0.205,0.078,0.0485,0.07,7
626,I,0.415,0.325,0.1,0.4665,0.2285,0.1065,0.114,7
627,F,0.41,0.32,0.115,0.387,0.165,0.1005,0.0985,11
628,F,0.53,0.415,0.115,0.5915,0.233,0.1585,0.18,11
629,M,0.61,0.48,0.15,1.2,0.56,0.2455,0.28,14
630,M,0.655,0.54,0.215,1.844,0.7425,0.327,0.585,22
631,I,0.295,0.225,0.08,0.124,0.0485,0.032,0.04,9
632,M,0.63,0.49,0.18,1.13,0.458,0.2765,0.315,12
633,F,0.53,0.42,0.17,0.828,0.41,0.208,0.1505,6
634,F,0.57,0.45,0.17,1.098,0.414,0.187,0.405,20
635,F,0.71,0.565,0.195,1.817,0.785,0.4920000000000001,0.49,11
636,F,0.425,0.345,0.11,0.3665,0.125,0.081,0.117,11
637,F,0.645,0.48,0.17,1.1345,0.528,0.254,0.305,10
638,M,0.505,0.395,0.135,0.5915,0.288,0.1315,0.185,12
639,M,0.56,0.43,0.155,0.8675,0.4,0.172,0.229,8
640,M,0.55,0.45,0.17,0.81,0.317,0.157,0.22,11
641,I,0.35,0.26,0.085,0.174,0.0705,0.0345,0.06,10
642,I,0.255,0.185,0.06,0.088,0.0365,0.021,0.023,5
643,M,0.445,0.37,0.125,0.515,0.2495,0.087,0.159,9
644,F,0.525,0.4,0.115,0.6295,0.2555,0.144,0.18,11
645,M,0.495,0.395,0.12,0.5529999999999999,0.224,0.1375,0.1669999999999999,8
646,I,0.42,0.315,0.11,0.4025,0.1855,0.083,0.1015,8
647,I,0.475,0.375,0.11,0.494,0.211,0.109,0.1545,8
648,I,0.47,0.35,0.125,0.4315,0.19,0.1165,0.1175,6
649,I,0.375,0.28,0.085,0.3155,0.187,0.046,0.067,7
650,F,0.525,0.41,0.135,0.7905,0.4065,0.198,0.177,8
651,M,0.5,0.4,0.13,0.7715,0.37,0.16,0.211,8
652,I,0.505,0.405,0.13,0.599,0.2245,0.1175,0.225,11
653,M,0.635,0.48,0.19,1.467,0.5825,0.303,0.42,15
654,I,0.52,0.39,0.13,0.5545,0.2355,0.1095,0.1895,7
655,F,0.73,0.58,0.19,1.7375,0.6785,0.4345,0.52,11
656,F,0.62,0.48,0.17,1.1045,0.535,0.25,0.287,10
657,M,0.64,0.515,0.18,1.247,0.5475,0.2925,0.3685,10
658,F,0.51,0.375,0.11,0.5805,0.2865,0.118,0.148,7
659,F,0.655,0.545,0.165,1.6225,0.6555,0.299,0.513,12
660,M,0.62,0.49,0.16,1.035,0.44,0.2525,0.285,11
661,F,0.505,0.375,0.115,0.5895,0.2635,0.12,0.1669999999999999,10
662,M,0.495,0.4,0.12,0.6605,0.2605,0.161,0.19,15
663,F,0.58,0.465,0.165,1.1015,0.404,0.2095,0.35,11
664,I,0.485,0.415,0.14,0.5705,0.25,0.134,0.185,8
665,F,0.56,0.41,0.16,0.8215,0.342,0.184,0.253,9
666,F,0.61,0.47,0.165,1.1785,0.5660000000000001,0.2785,0.294,11
667,I,0.435,0.33,0.095,0.393,0.219,0.075,0.0885,6
668,I,0.55,0.425,0.135,0.6559999999999999,0.257,0.17,0.203,10
669,F,0.565,0.505,0.21,1.2765,0.501,0.279,0.355,12
670,M,0.455,0.355,0.135,0.4745,0.1865,0.0935,0.168,13
671,F,0.6,0.47,0.2,1.031,0.392,0.2035,0.29,15
672,M,0.64,0.515,0.08,1.042,0.515,0.1755,0.175,10
673,M,0.44,0.35,0.14,0.451,0.171,0.0705,0.184,16
674,F,0.68,0.56,0.195,1.7775,0.861,0.322,0.415,11
675,I,0.5,0.375,0.12,0.529,0.2235,0.123,0.16,8
676,I,0.49,0.385,0.115,0.6829999999999999,0.3265,0.1615,0.165,13
677,I,0.545,0.43,0.14,0.687,0.2615,0.1405,0.25,9
678,F,0.515,0.405,0.12,0.6459999999999999,0.2895,0.1405,0.177,10
679,M,0.585,0.455,0.14,0.97,0.462,0.185,0.295,9
680,I,0.53,0.415,0.13,0.6940000000000001,0.3905,0.111,0.1669999999999999,9
681,M,0.495,0.395,0.135,0.6335,0.3035,0.1295,0.1495,8
682,F,0.64,0.505,0.19,1.2355,0.4435,0.3105,0.365,14
683,M,0.47,0.37,0.105,0.4665,0.2025,0.1015,0.155,10
684,F,0.63,0.475,0.175,1.423,0.4155,0.3385,0.49,14
685,M,0.52,0.415,0.175,0.753,0.258,0.171,0.255,8
686,M,0.575,0.44,0.16,0.9615,0.483,0.166,0.275,13
687,I,0.32,0.24,0.085,0.131,0.0615,0.0265,0.038,6
688,F,0.63,0.495,0.19,1.1655,0.536,0.2115,0.1625,10
689,M,0.59,0.5,0.165,1.1045,0.4565,0.2425,0.34,15
690,M,0.58,0.49,0.13,1.1335,0.586,0.2565,0.237,9
691,M,0.615,0.505,0.19,1.403,0.6715,0.2925,0.365,8
692,I,0.34,0.25,0.075,0.1785,0.0665,0.0455,0.045,5
693,I,0.38,0.3,0.09,0.277,0.1655,0.0625,0.0819999999999999,6
694,M,0.635,0.48,0.145,1.181,0.665,0.229,0.225,10
695,I,0.62,0.485,0.18,1.154,0.4935,0.256,0.315,12
696,M,0.61,0.45,0.19,1.0805,0.517,0.2495,0.2935,10
697,F,0.555,0.425,0.14,0.963,0.44,0.224,0.24,7
698,F,0.53,0.385,0.125,0.6695,0.289,0.151,0.18,10
699,F,0.625,0.515,0.18,1.3485,0.5255,0.252,0.3925,14
700,M,0.48,0.37,0.1,0.5135,0.243,0.1015,0.135,8
701,I,0.19,0.13,0.045,0.0265,0.009,0.005,0.009,5
702,I,0.45,0.34,0.12,0.4925,0.241,0.1075,0.12,6
703,M,0.61,0.475,0.175,1.024,0.409,0.261,0.322,9
704,F,0.56,0.44,0.155,0.9705,0.4315,0.263,0.255,9
705,I,0.255,0.19,0.07,0.0815,0.028,0.016,0.031,5
706,F,0.61,0.485,0.17,1.1005,0.5125,0.229,0.305,11
707,M,0.615,0.505,0.165,1.167,0.4895,0.2955,0.345,10
708,M,0.56,0.44,0.16,0.8645,0.3305,0.2075,0.26,10
709,M,0.69,0.55,0.195,1.777,0.769,0.38,0.4305,11
710,M,0.59,0.44,0.15,0.9555,0.366,0.2425,0.295,11
711,F,0.595,0.47,0.165,1.0155,0.491,0.1905,0.289,9
712,I,0.325,0.24,0.07,0.152,0.0565,0.0305,0.054,8
713,I,0.57,0.435,0.17,0.848,0.4,0.166,0.25,9
714,F,0.655,0.52,0.19,1.4545,0.6,0.3865,0.383,10
715,F,0.41,0.305,0.1,0.363,0.1735,0.065,0.11,11
716,F,0.625,0.5,0.175,1.273,0.564,0.302,0.374,9
717,M,0.515,0.395,0.135,1.007,0.472,0.2495,0.252,8
718,M,0.485,0.385,0.105,0.556,0.296,0.104,0.133,7
719,I,0.585,0.46,0.145,0.8465,0.339,0.1669999999999999,0.295,10
720,F,0.52,0.375,0.135,0.5375,0.221,0.117,0.17,8
721,F,0.59,0.465,0.17,1.0425,0.4635,0.24,0.27,10
722,F,0.58,0.46,0.18,1.0515,0.4095,0.2595,0.276,8
723,F,0.615,0.515,0.17,1.14,0.4305,0.2245,0.42,16
724,F,0.615,0.48,0.16,1.2525,0.585,0.2595,0.33,8
725,I,0.48,0.37,0.125,0.474,0.179,0.1035,0.175,9
726,F,0.36,0.27,0.09,0.1885,0.0845,0.0385,0.055,5
727,M,0.6,0.47,0.155,1.036,0.4375,0.196,0.325,20
728,M,0.74,0.535,0.185,1.65,0.7340000000000001,0.4505,0.335,13
729,F,0.49,0.375,0.135,0.6125,0.2555,0.102,0.22,11
730,F,0.62,0.475,0.175,1.0165,0.4355,0.214,0.325,10
731,M,0.615,0.45,0.15,1.198,0.7070000000000001,0.2095,0.2505,7
732,I,0.415,0.31,0.11,0.2965,0.123,0.057,0.0995,10
733,I,0.32,0.205,0.08,0.181,0.088,0.034,0.0495,5
734,M,0.59,0.45,0.16,0.998,0.445,0.214,0.301,9
735,M,0.575,0.45,0.13,0.785,0.318,0.193,0.2265,9
736,F,0.64,0.525,0.215,1.779,0.4535,0.2855,0.55,22
737,F,0.625,0.505,0.175,1.15,0.5475,0.256,0.3045,11
738,I,0.625,0.485,0.15,1.044,0.438,0.2865,0.278,9
739,M,0.63,0.51,0.19,1.4985,0.4125,0.3075,0.545,16
740,M,0.44,0.34,0.105,0.402,0.1305,0.0955,0.165,10
741,I,0.455,0.345,0.105,0.4005,0.1639999999999999,0.0755,0.126,8
742,F,0.58,0.45,0.155,0.93,0.385,0.246,0.265,9
743,M,0.575,0.435,0.14,0.8455,0.401,0.191,0.222,9
744,M,0.68,0.54,0.155,1.534,0.6709999999999999,0.379,0.384,10
745,I,0.59,0.45,0.145,1.022,0.428,0.268,0.265,10
746,F,0.73,0.57,0.165,2.0165,1.0685,0.418,0.435,10
747,F,0.585,0.465,0.17,0.9915,0.3865,0.224,0.265,12
748,I,0.47,0.345,0.115,0.4885,0.2005,0.108,0.166,11
749,I,0.39,0.3,0.095,0.3265,0.1665,0.0575,0.089,7
750,M,0.665,0.515,0.19,1.6385,0.831,0.3575,0.371,11
751,F,0.525,0.41,0.135,0.7085,0.293,0.1525,0.235,11
752,M,0.61,0.475,0.17,1.0265,0.435,0.2335,0.3035,10
753,F,0.6,0.48,0.17,1.056,0.4575,0.2435,0.3135,10
754,I,0.5,0.38,0.125,0.519,0.2485,0.1135,0.134,8
755,F,0.59,0.415,0.15,0.8805,0.3645,0.234,0.235,11
756,M,0.645,0.485,0.155,1.489,0.5915,0.312,0.38,18
757,M,0.45,0.355,0.12,0.3955,0.147,0.0765,0.145,9
758,M,0.475,0.37,0.125,0.655,0.266,0.1725,0.185,10
759,M,0.315,0.25,0.09,0.203,0.0615,0.037,0.0795,11
760,F,0.445,0.325,0.125,0.455,0.1785,0.1125,0.14,9
761,M,0.27,0.2,0.08,0.1205,0.0465,0.028,0.04,6
762,F,0.5,0.38,0.155,0.655,0.2405,0.143,0.205,17
763,F,0.7,0.585,0.185,1.8075,0.7055,0.3215,0.475,29
764,M,0.47,0.375,0.12,0.5565,0.226,0.122,0.195,12
765,F,0.45,0.325,0.135,0.438,0.1805,0.1165,0.11,9
766,I,0.36,0.28,0.08,0.1755,0.081,0.0505,0.07,6
767,F,0.625,0.49,0.145,0.92,0.4370000000000001,0.1735,0.28,10
768,I,0.485,0.355,0.12,0.5085,0.21,0.122,0.135,9
769,I,0.44,0.345,0.12,0.487,0.1965,0.108,0.16,14
770,F,0.665,0.51,0.175,1.3805,0.675,0.2985,0.325,10
771,M,0.475,0.37,0.125,0.649,0.347,0.136,0.142,8
772,M,0.57,0.47,0.155,1.186,0.6355,0.2315,0.277,10
773,I,0.44,0.335,0.11,0.3885,0.175,0.0835,0.111,7
774,F,0.715,0.565,0.24,2.1995,0.7245,0.465,0.885,17
775,F,0.68,0.51,0.2,1.6075,0.7140000000000001,0.339,0.4705,11
776,I,0.365,0.265,0.135,0.2215,0.105,0.047,0.0605,7
777,M,0.4,0.31,0.11,0.314,0.138,0.057,0.1,11
778,M,0.545,0.46,0.16,0.8975,0.341,0.1655,0.345,10
779,F,0.45,0.345,0.12,0.4165,0.1655,0.095,0.135,9
780,I,0.56,0.435,0.13,0.777,0.354,0.173,0.222,9
781,M,0.66,0.515,0.2,1.6465,0.7490000000000001,0.422,0.401,11
782,M,0.64,0.5,0.185,1.3035,0.4445,0.2635,0.465,16
783,F,0.58,0.445,0.145,0.888,0.41,0.1815,0.2425,8
784,M,0.595,0.465,0.15,0.919,0.4335,0.1765,0.262,9
785,I,0.44,0.33,0.11,0.38,0.197,0.079,0.09,7
786,M,0.525,0.41,0.13,0.6875,0.3435,0.1495,0.1765,9
787,M,0.455,0.345,0.15,0.5795,0.1685,0.125,0.215,13
788,F,0.47,0.35,0.145,0.5175,0.187,0.1235,0.18,11
789,I,0.255,0.19,0.075,0.0865,0.0345,0.0205,0.025,5
790,F,0.495,0.41,0.125,0.7555,0.3355,0.129,0.214,9
791,M,0.655,0.515,0.2,1.3730000000000002,0.443,0.3375,0.49,16
792,F,0.4,0.31,0.115,0.3465,0.1475,0.0695,0.115,10
793,M,0.735,0.59,0.225,1.756,0.637,0.3405,0.58,21
794,M,0.64,0.52,0.2,1.4069999999999998,0.5660000000000001,0.304,0.455,17
795,F,0.375,0.29,0.08,0.282,0.1405,0.0725,0.08,7
796,M,0.515,0.425,0.145,0.9365,0.4970000000000001,0.181,0.2185,8
797,F,0.455,0.35,0.125,0.4485,0.1585,0.102,0.1335,16
798,M,0.72,0.565,0.2,2.1055,1.017,0.363,0.494,12
799,M,0.655,0.59,0.2,1.5455,0.654,0.3765,0.415,11
800,M,0.46,0.355,0.11,0.415,0.215,0.0819999999999999,0.13,12
801,F,0.615,0.495,0.165,1.198,0.5415,0.2865,0.3185,10
802,I,0.605,0.435,0.13,0.9025,0.4320000000000001,0.174,0.26,11
803,F,0.49,0.38,0.125,0.5489999999999999,0.245,0.1075,0.174,10
804,M,0.605,0.475,0.15,1.15,0.575,0.232,0.297,10
805,F,0.565,0.445,0.125,0.8305,0.3135,0.1785,0.23,11
806,I,0.42,0.315,0.115,0.355,0.1895,0.065,0.087,6
807,F,0.525,0.405,0.115,0.72,0.3105,0.1915,0.2,14
808,F,0.4,0.335,0.115,0.4335,0.2105,0.1205,0.12,10
809,F,0.61,0.485,0.15,1.2405,0.6025,0.2915,0.3085,12
810,F,0.74,0.575,0.22,2.012,0.8915,0.5265,0.471,12
811,I,0.45,0.33,0.115,0.365,0.14,0.0825,0.1245,8
812,I,0.465,0.325,0.14,0.7615,0.362,0.1535,0.209,10
813,M,0.645,0.5,0.175,1.5105,0.6735,0.3755,0.3775,12
814,I,0.415,0.315,0.1,0.3645,0.1765,0.0795,0.095,8
815,M,0.72,0.58,0.19,2.0885,0.9955,0.478,0.5305,13
816,M,0.595,0.475,0.14,0.944,0.3625,0.189,0.315,9
817,M,0.68,0.54,0.19,1.6230000000000002,0.7165,0.354,0.4715,12
818,M,0.475,0.395,0.135,0.5920000000000001,0.2465,0.1645,0.2,13
819,F,0.615,0.46,0.15,1.0265,0.4935,0.201,0.2745,10
820,M,0.435,0.335,0.11,0.4385,0.2075,0.0715,0.1315,7
821,I,0.625,0.43,0.175,1.411,0.5720000000000001,0.297,0.395,12
822,M,0.51,0.405,0.15,0.7035,0.347,0.134,0.1885,8
823,I,0.515,0.4,0.135,0.6965,0.32,0.1255,0.175,9
824,F,0.67,0.525,0.195,1.37,0.6065,0.2955,0.407,12
825,F,0.55,0.425,0.135,0.8515,0.362,0.196,0.27,14
826,I,0.595,0.47,0.135,0.9365,0.434,0.184,0.287,10
827,M,0.625,0.465,0.14,1.195,0.4825,0.205,0.4,13
828,I,0.46,0.37,0.11,0.3965,0.1485,0.0855,0.1455,8
829,M,0.605,0.49,0.18,1.167,0.457,0.29,0.3745,9
830,I,0.4,0.315,0.09,0.33,0.151,0.068,0.08,6
831,M,0.56,0.425,0.135,0.9415,0.509,0.2015,0.1975,9
832,M,0.7,0.555,0.2,1.858,0.73,0.3665,0.595,11
833,M,0.65,0.525,0.175,1.5365,0.6865,0.3585,0.405,11
834,F,0.58,0.435,0.155,0.8785,0.425,0.1685,0.2425,10
835,M,0.7,0.58,0.205,2.13,0.7415,0.49,0.58,20
836,M,0.48,0.375,0.12,0.5895,0.2535,0.128,0.172,11
837,F,0.42,0.33,0.125,0.463,0.186,0.11,0.145,10
838,I,0.435,0.34,0.11,0.3795,0.1495,0.085,0.12,8
839,I,0.55,0.43,0.145,0.7895,0.3745,0.171,0.223,11
840,M,0.31,0.22,0.085,0.146,0.061,0.0365,0.045,6
841,I,0.435,0.335,0.1,0.3295,0.129,0.07,0.11,7
842,F,0.675,0.51,0.185,1.473,0.6295,0.3025,0.4245,11
843,F,0.485,0.365,0.12,0.5885,0.27,0.131,0.175,9
844,I,0.36,0.275,0.085,0.1975,0.0745,0.0415,0.07,9
845,F,0.75,0.57,0.21,2.236,1.109,0.5195,0.545,11
846,F,0.62,0.485,0.165,1.166,0.483,0.238,0.355,13
847,F,0.715,0.525,0.185,1.56,0.6655,0.383,0.405,11
848,I,0.23,0.165,0.06,0.0515,0.019,0.0145,0.036,4
849,F,0.605,0.495,0.19,1.4369999999999998,0.469,0.2655,0.41,15
850,F,0.71,0.575,0.175,1.555,0.6465,0.3705,0.52,15
851,I,0.435,0.335,0.11,0.334,0.1355,0.0775,0.0965,7
852,F,0.68,0.5,0.185,1.741,0.7665,0.3255,0.4685,12
853,M,0.77,0.605,0.175,2.0505,0.8005,0.526,0.355,11
854,F,0.605,0.495,0.17,1.0915,0.4365,0.2715,0.335,13
855,M,0.64,0.51,0.19,1.6130000000000002,0.6215,0.361,0.47,14
856,M,0.525,0.4,0.155,0.7070000000000001,0.282,0.1605,0.225,9
857,M,0.62,0.47,0.15,1.3090000000000002,0.5870000000000001,0.4405,0.325,9
858,F,0.475,0.38,0.145,0.57,0.1669999999999999,0.118,0.187,11
859,I,0.36,0.265,0.085,0.1895,0.0725,0.0515,0.055,6
860,M,0.6,0.495,0.175,1.29,0.606,0.276,0.3445,11
861,M,0.45,0.335,0.14,0.478,0.1865,0.115,0.16,11
862,F,0.545,0.415,0.15,0.7335,0.2795,0.163,0.2185,11
863,M,0.61,0.49,0.16,1.112,0.465,0.228,0.341,10
864,M,0.525,0.405,0.16,0.792,0.316,0.1455,0.28,13
865,M,0.65,0.51,0.16,1.3835,0.6385,0.2905,0.3665,9
866,M,0.65,0.495,0.17,1.276,0.6215,0.2305,0.399,11
867,I,0.37,0.28,0.09,0.233,0.0905,0.0545,0.07,11
868,I,0.375,0.29,0.1,0.219,0.0925,0.038,0.075,6
869,I,0.445,0.345,0.13,0.4075,0.1365,0.0645,0.18,11
870,M,0.63,0.48,0.15,1.1785,0.5185,0.248,0.3235,8
871,M,0.635,0.5,0.18,1.154,0.4405,0.2315,0.387,9
872,M,0.555,0.44,0.135,0.9025,0.3805,0.2105,0.28,13
873,I,0.315,0.23,0.07,0.1639999999999999,0.0625,0.04,0.045,6
874,M,0.58,0.47,0.165,1.041,0.54,0.166,0.279,9
875,I,0.54,0.42,0.14,0.7265,0.3205,0.1445,0.229,9
876,F,0.44,0.35,0.125,0.4035,0.175,0.063,0.129,9
877,F,0.535,0.42,0.13,0.6990000000000001,0.3125,0.1565,0.2035,8
878,I,0.475,0.36,0.11,0.452,0.191,0.099,0.13,8
879,M,0.375,0.29,0.1,0.276,0.1175,0.0565,0.085,9
880,I,0.35,0.265,0.08,0.2,0.09,0.042,0.06,7
881,M,0.565,0.44,0.175,0.9025,0.31,0.193,0.325,14
882,M,0.505,0.385,0.145,0.6775,0.236,0.179,0.2,15
883,M,0.51,0.4,0.13,0.6435,0.27,0.1665,0.205,12
884,I,0.615,0.46,0.19,1.0659999999999998,0.4335,0.226,0.33,13
885,I,0.515,0.395,0.125,0.5805,0.2365,0.1075,0.19,9
886,I,0.55,0.435,0.125,0.741,0.348,0.1585,0.206,9
887,I,0.56,0.425,0.14,0.9175,0.4005,0.1975,0.26,10
888,I,0.27,0.195,0.07,0.102,0.045,0.0135,0.034,8
889,M,0.485,0.4,0.135,0.6629999999999999,0.313,0.1369999999999999,0.2,10
890,I,0.425,0.34,0.1,0.371,0.15,0.0865,0.115,8
891,F,0.47,0.375,0.105,0.513,0.232,0.142,0.13,11
892,I,0.425,0.315,0.095,0.3675,0.1865,0.0675,0.0985,7
893,I,0.435,0.34,0.115,0.3925,0.1825,0.078,0.1145,6
894,M,0.58,0.455,0.17,0.93,0.408,0.259,0.22,9
895,M,0.605,0.475,0.18,0.9365,0.394,0.219,0.295,15
896,M,0.245,0.18,0.065,0.0635,0.0245,0.0135,0.02,4
897,M,0.46,0.345,0.11,0.4595,0.235,0.0885,0.116,7
898,I,0.725,0.55,0.22,2.0495,0.7735,0.4405,0.655,10
899,M,0.285,0.215,0.075,0.106,0.0415,0.023,0.035,5
900,I,0.35,0.265,0.085,0.1735,0.0775,0.034,0.056,6
901,M,0.63,0.455,0.15,1.1315,0.481,0.2745,0.305,9
902,F,0.6,0.465,0.16,1.133,0.466,0.2885,0.298,11
903,I,0.51,0.405,0.13,0.599,0.3065,0.1155,0.1485,8
904,M,0.605,0.47,0.16,1.1735,0.4975,0.2405,0.345,12
905,F,0.69,0.53,0.17,1.5535,0.7945,0.3485,0.3695,9
906,M,0.51,0.38,0.135,0.6809999999999999,0.3435,0.142,0.17,9
907,F,0.585,0.465,0.14,0.908,0.381,0.1615,0.315,13
908,M,0.57,0.48,0.175,1.185,0.474,0.261,0.38,11
909,I,0.505,0.395,0.105,0.551,0.248,0.103,0.171,8
910,I,0.625,0.47,0.155,1.1955,0.643,0.2055,0.3145,12
911,M,0.53,0.435,0.135,0.7365,0.3275,0.1315,0.22,12
912,I,0.35,0.25,0.07,0.1605,0.0715,0.0335,0.046,6
913,F,0.565,0.45,0.185,0.9285,0.302,0.1805,0.265,12
914,F,0.62,0.51,0.205,1.3475,0.4775,0.2565,0.48,14
915,M,0.195,0.145,0.05,0.032,0.01,0.008,0.012,4
916,I,0.465,0.355,0.09,0.4325,0.2005,0.074,0.1275,9
917,F,0.7,0.555,0.22,1.666,0.647,0.4285,0.455,11
918,F,0.68,0.55,0.175,1.798,0.815,0.3925,0.455,19
919,I,0.295,0.215,0.075,0.116,0.037,0.0295,0.04,8
920,F,0.475,0.36,0.12,0.5915,0.3245,0.11,0.127,6
921,F,0.575,0.445,0.135,0.883,0.381,0.2035,0.26,11
922,F,0.525,0.415,0.15,0.7155,0.2355,0.171,0.27,13
923,M,0.65,0.525,0.205,1.4275,0.69,0.306,0.4355,13
924,I,0.525,0.4,0.145,0.6095,0.248,0.159,0.175,9
925,I,0.385,0.285,0.085,0.244,0.1215,0.0445,0.068,8
926,I,0.55,0.445,0.125,0.672,0.288,0.1365,0.21,11
927,I,0.54,0.43,0.17,0.836,0.3725,0.1815,0.24,9
928,F,0.71,0.56,0.18,1.652,0.735,0.381,0.4525,11
929,M,0.52,0.395,0.125,0.8115,0.4035,0.166,0.2,7
930,I,0.315,0.23,0.09,0.1285,0.043,0.04,0.04,7
931,M,0.63,0.53,0.175,1.4135,0.667,0.2945,0.3555,13
932,I,0.44,0.335,0.115,0.4215,0.173,0.0765,0.113,7
933,I,0.49,0.375,0.115,0.4615,0.204,0.0945,0.143,8
934,I,0.515,0.4,0.14,0.7165,0.3495,0.1595,0.1785,8
935,F,0.475,0.4,0.115,0.541,0.186,0.1025,0.21,13
936,M,0.63,0.515,0.17,1.385,0.6355,0.2955,0.38,11
937,I,0.42,0.325,0.115,0.354,0.1625,0.064,0.105,8
938,F,0.61,0.46,0.145,1.1185,0.478,0.2945,0.2985,10
939,M,0.65,0.495,0.16,1.304,0.57,0.312,0.3725,9
940,M,0.465,0.355,0.12,0.5315,0.2725,0.097,0.1395,8
941,F,0.64,0.5,0.18,1.4995,0.593,0.314,0.431,11
942,M,0.445,0.35,0.14,0.5905,0.2025,0.158,0.19,14
943,F,0.395,0.315,0.105,0.3515,0.1185,0.091,0.1195,16
944,M,0.57,0.455,0.15,0.952,0.3895,0.2155,0.2745,9
945,F,0.635,0.505,0.17,1.2635,0.512,0.322,0.355,9
946,I,0.585,0.46,0.14,0.7635,0.326,0.153,0.265,9
947,F,0.575,0.47,0.155,1.116,0.509,0.238,0.34,10
948,M,0.45,0.35,0.13,0.46,0.174,0.111,0.135,8
949,M,0.415,0.31,0.09,0.3245,0.1305,0.0735,0.115,8
950,I,0.56,0.44,0.155,0.8109999999999999,0.3685,0.178,0.235,11
951,F,0.595,0.475,0.165,1.148,0.444,0.214,0.37,10
952,I,0.485,0.365,0.105,0.5205,0.195,0.123,0.182,8
953,F,0.67,0.55,0.155,1.5659999999999998,0.858,0.339,0.354,10
954,M,0.28,0.2,0.08,0.0915,0.033,0.0215,0.03,5
955,M,0.77,0.6,0.215,2.1945,1.0515,0.482,0.584,10
956,I,0.285,0.215,0.06,0.0935,0.031,0.023,0.03,6
957,M,0.48,0.375,0.115,0.6765,0.3205,0.1065,0.17,6
958,M,0.58,0.47,0.165,0.9975,0.3935,0.242,0.33,10
959,M,0.62,0.475,0.195,1.3585,0.5935,0.3365,0.3745,10
960,M,0.56,0.45,0.175,1.011,0.3835,0.2065,0.37,15
961,M,0.425,0.325,0.12,0.3755,0.142,0.1065,0.105,9
962,M,0.58,0.44,0.16,0.8295,0.3365,0.2005,0.2485,9
963,F,0.705,0.55,0.2,1.7095,0.633,0.4115,0.49,13
964,F,0.53,0.42,0.14,0.627,0.2905,0.1165,0.183,8
965,F,0.62,0.505,0.16,1.3725,0.6285,0.275,0.3685,11
966,I,0.32,0.25,0.08,0.1565,0.057,0.034,0.06,9
967,M,0.515,0.385,0.13,0.623,0.2855,0.1285,0.175,10
968,M,0.55,0.44,0.16,0.985,0.4645,0.201,0.27,8
969,F,0.45,0.345,0.115,0.496,0.1905,0.117,0.14,12
970,M,0.65,0.52,0.21,1.6785,0.6665,0.308,0.46,11
971,F,0.575,0.46,0.16,1.103,0.5379999999999999,0.221,0.249,9
972,M,0.76,0.575,0.19,1.829,0.7035,0.386,0.56,14
973,M,0.66,0.53,0.17,1.3905,0.5905,0.212,0.453,15
974,M,0.6,0.475,0.205,1.176,0.5255,0.2875,0.308,9
975,F,0.495,0.385,0.13,0.6905,0.3125,0.179,0.175,10
976,M,0.565,0.44,0.115,0.9185,0.404,0.1785,0.29,11
977,F,0.645,0.51,0.2,1.5675,0.621,0.3670000000000001,0.46,12
978,M,0.6,0.47,0.16,1.012,0.441,0.2015,0.305,10
979,F,0.515,0.415,0.14,0.6935,0.3115,0.152,0.2,10
980,I,0.475,0.35,0.115,0.498,0.2375,0.099,0.14,7
981,M,0.66,0.51,0.18,1.261,0.5,0.2335,0.339,10
982,I,0.47,0.345,0.12,0.3685,0.1525,0.0615,0.125,8
983,M,0.51,0.415,0.145,0.7509999999999999,0.3295,0.1835,0.203,8
984,M,0.64,0.5,0.175,1.273,0.5065,0.2925,0.405,13
985,F,0.47,0.36,0.11,0.4965,0.237,0.127,0.13,6
986,F,0.67,0.545,0.175,1.707,0.6995,0.387,0.575,13
987,I,0.47,0.35,0.135,0.5670000000000001,0.2315,0.1465,0.1525,11
988,I,0.635,0.5,0.18,1.319,0.5485,0.292,0.49,16
989,M,0.575,0.475,0.16,1.114,0.4955,0.2745,0.29,9
990,F,0.52,0.425,0.15,0.813,0.385,0.2015,0.23,10
991,F,0.45,0.36,0.11,0.447,0.203,0.0819999999999999,0.13,12
992,I,0.39,0.3,0.09,0.252,0.1065,0.053,0.08,7
993,I,0.235,0.13,0.075,0.1585,0.0685,0.037,0.0465,5
994,F,0.575,0.48,0.15,0.8745,0.375,0.193,0.29,12
995,M,0.64,0.485,0.16,1.006,0.456,0.2245,0.2835,9
996,I,0.51,0.39,0.125,0.597,0.293,0.1265,0.1555,8
997,M,0.65,0.505,0.19,1.274,0.59,0.23,0.391,11
998,I,0.53,0.4,0.145,0.555,0.1935,0.1305,0.195,9
999,F,0.53,0.425,0.17,0.949,0.3485,0.2395,0.278,17
1000,F,0.605,0.465,0.155,1.1,0.547,0.2665,0.2585,10
1001,M,0.6,0.46,0.18,1.14,0.423,0.2575,0.365,10
1002,I,0.33,0.265,0.09,0.18,0.068,0.036,0.06,6
1003,M,0.625,0.48,0.17,1.3555,0.6709999999999999,0.268,0.3385,10
1004,I,0.5,0.4,0.12,0.616,0.261,0.143,0.1935,8
1005,I,0.485,0.345,0.16,0.8690000000000001,0.3085,0.185,0.319,9
1006,F,0.63,0.505,0.195,1.306,0.516,0.3305,0.375,9
1007,M,0.675,0.525,0.185,1.587,0.6935,0.336,0.395,13
1008,F,0.665,0.5,0.175,1.4355,0.643,0.345,0.37,9
1009,F,0.645,0.485,0.15,1.151,0.5935,0.2315,0.293,12
1010,F,0.575,0.46,0.165,1.065,0.4985,0.2145,0.2815,8
1011,M,0.625,0.47,0.15,1.124,0.556,0.2315,0.287,9
1012,M,0.705,0.56,0.165,1.675,0.797,0.4095,0.388,10
1013,I,0.285,0.205,0.07,0.106,0.039,0.0285,0.034,5
1014,I,0.18,0.13,0.045,0.0275,0.0125,0.01,0.009,3
1015,F,0.66,0.525,0.19,1.67,0.6525,0.4875,0.49,11
1016,M,0.535,0.435,0.15,0.725,0.269,0.1385,0.25,9
1017,M,0.525,0.415,0.145,0.845,0.3525,0.1635,0.2875,8
1018,F,0.5,0.4,0.125,0.6675,0.261,0.1315,0.22,10
1019,M,0.32,0.24,0.085,0.17,0.0655,0.047,0.049,7
1020,I,0.52,0.41,0.14,0.6625,0.2775,0.1555,0.196,11
1021,F,0.62,0.48,0.165,1.0125,0.5325,0.4365,0.324,10
1022,M,0.635,0.525,0.205,1.484,0.55,0.3115,0.43,20
1023,F,0.64,0.505,0.175,1.3185,0.6185,0.302,0.3315,9
1024,I,0.375,0.28,0.085,0.2145,0.0855,0.0485,0.072,7
1025,I,0.225,0.165,0.055,0.059,0.027,0.0125,0.015,4
1026,I,0.405,0.31,0.11,0.91,0.416,0.2075,0.0995,8
1027,I,0.42,0.32,0.115,0.409,0.2055,0.0935,0.105,8
1028,I,0.54,0.42,0.14,0.74,0.3595,0.159,0.1985,8
1029,M,0.645,0.515,0.16,1.1845,0.506,0.311,0.335,9
1030,M,0.57,0.43,0.12,1.0615,0.348,0.1669999999999999,0.31,15
1031,F,0.55,0.38,0.165,1.205,0.5429999999999999,0.294,0.3345,10
1032,F,0.46,0.355,0.13,0.517,0.2205,0.114,0.165,9
1033,M,0.5,0.38,0.155,0.66,0.2655,0.1365,0.215,19
1034,I,0.235,0.18,0.06,0.058,0.022,0.0145,0.018,6
1035,F,0.59,0.46,0.16,1.0115,0.445,0.2615,0.2565,8
1036,M,0.54,0.42,0.19,0.6855,0.293,0.163,0.38,10
1037,I,0.38,0.28,0.095,0.2885,0.165,0.0435,0.067,7
1038,M,0.56,0.45,0.145,0.9355,0.425,0.1645,0.2725,11
1039,M,0.59,0.45,0.185,1.283,0.473,0.276,0.425,16
1040,I,0.25,0.185,0.065,0.0685,0.0295,0.014,0.0225,5
1041,F,0.44,0.34,0.14,0.482,0.186,0.1085,0.16,9
1042,I,0.315,0.21,0.06,0.125,0.06,0.0375,0.035,5
1043,M,0.335,0.255,0.075,0.1635,0.0615,0.0345,0.057,8
1044,M,0.5,0.375,0.13,0.721,0.3055,0.1725,0.22,14
1045,F,0.47,0.355,0.13,0.5465,0.2005,0.126,0.185,14
1046,M,0.59,0.465,0.165,1.115,0.5165,0.273,0.275,10
1047,I,0.41,0.3,0.115,0.2595,0.097,0.0515,0.08,10
1048,M,0.5,0.385,0.135,0.551,0.2245,0.0715,0.206,11
1049,F,0.58,0.45,0.235,1.071,0.3,0.206,0.395,14
1050,F,0.635,0.525,0.18,1.3695,0.634,0.318,0.363,11
1051,F,0.59,0.465,0.15,1.151,0.613,0.239,0.2515,9
1052,M,0.68,0.52,0.195,1.4535,0.5920000000000001,0.391,0.4125,10
1053,I,0.435,0.33,0.11,0.413,0.2055,0.096,0.096,6
1054,M,0.495,0.4,0.155,0.8085,0.2345,0.1155,0.35,6
1055,M,0.6,0.46,0.15,1.247,0.5335,0.2735,0.29,9
1056,F,0.525,0.44,0.125,0.7115,0.3205,0.159,0.1915,7
1057,F,0.495,0.4,0.155,0.6445,0.242,0.1325,0.205,17
1058,F,0.575,0.465,0.195,0.9965,0.417,0.247,0.47,8
1059,M,0.31,0.225,0.075,0.1295,0.0455,0.0335,0.044,9
1060,F,0.61,0.49,0.17,1.137,0.4605,0.2825,0.344,12
1061,M,0.645,0.515,0.185,1.4605,0.5835,0.3155,0.41,19
1062,I,0.54,0.435,0.145,0.97,0.4285,0.22,0.264,17
1063,M,0.55,0.435,0.14,0.7625,0.327,0.1685,0.259,10
1064,I,0.55,0.425,0.13,0.664,0.2695,0.163,0.21,8
1065,M,0.72,0.6,0.235,2.2385,0.984,0.411,0.621,12
1066,I,0.265,0.21,0.06,0.0965,0.0425,0.022,0.03,5
1067,F,0.505,0.39,0.125,0.5445,0.246,0.15,0.1405,7
1068,F,0.58,0.44,0.18,0.8540000000000001,0.3665,0.1635,0.245,12
1069,M,0.465,0.355,0.125,0.5255,0.2025,0.135,0.145,13
1070,F,0.465,0.36,0.12,0.4765,0.192,0.1125,0.16,10
1071,F,0.455,0.35,0.14,0.5185,0.221,0.1265,0.135,10
1072,M,0.165,0.125,0.04,0.0245,0.0095,0.0045,0.008,4
1073,I,0.29,0.225,0.07,0.101,0.036,0.0235,0.035,8
1074,I,0.375,0.29,0.14,0.3,0.14,0.0625,0.0825,8
1075,M,0.53,0.405,0.125,0.6515,0.2715,0.1605,0.186,7
1076,I,0.38,0.29,0.1,0.237,0.108,0.0395,0.0819999999999999,6
1077,M,0.6,0.455,0.155,0.945,0.4365,0.2085,0.25,8
1078,I,0.53,0.42,0.155,0.81,0.4725,0.111,0.192,10
1079,I,0.275,0.205,0.07,0.1055,0.495,0.019,0.0315,5
1080,M,0.55,0.41,0.15,0.785,0.282,0.186,0.275,12
1081,F,0.525,0.405,0.16,0.6579999999999999,0.2655,0.1125,0.225,12
1082,F,0.72,0.575,0.215,2.226,0.8955,0.405,0.62,13
1083,M,0.725,0.565,0.215,1.891,0.6975,0.4725,0.58,16
1084,F,0.635,0.495,0.195,1.297,0.556,0.2985,0.37,11
1085,F,0.65,0.545,0.23,1.7519999999999998,0.5605,0.2895,0.815,16
1086,M,0.505,0.41,0.125,0.642,0.289,0.133,0.155,9
1087,I,0.275,0.2,0.065,0.092,0.0385,0.0235,0.027,5
1088,I,0.45,0.35,0.125,0.4775,0.2235,0.089,0.118,6
1089,M,0.69,0.54,0.185,1.71,0.7725,0.3855,0.4325,8
1090,M,0.645,0.52,0.175,1.561,0.7090000000000001,0.3555,0.4,8
1091,F,0.435,0.35,0.105,0.4195,0.194,0.1005,0.13,7
1092,M,0.425,0.335,0.1,0.4085,0.1755,0.092,0.135,9
1093,I,0.535,0.45,0.17,0.7809999999999999,0.3055,0.1555,0.295,11
1094,M,0.27,0.195,0.07,0.106,0.0465,0.018,0.036,7
1095,F,0.565,0.455,0.13,1.058,0.439,0.2645,0.3,10
1096,I,0.455,0.35,0.105,0.4445,0.213,0.107,0.1115,7
1097,F,0.5,0.405,0.14,0.6735,0.265,0.124,0.25,18
1098,M,0.42,0.34,0.115,0.4215,0.175,0.093,0.135,8
1099,F,0.4,0.32,0.11,0.353,0.1405,0.0985,0.1,8
1100,I,0.275,0.195,0.065,0.106,0.054,0.02,0.028,6
1101,M,0.635,0.52,0.175,1.2919999999999998,0.6,0.269,0.3670000000000001,11
1102,F,0.46,0.365,0.115,0.4485,0.165,0.083,0.17,14
1103,I,0.45,0.33,0.1,0.411,0.1945,0.1,0.098,6
1104,F,0.55,0.415,0.135,0.7635,0.318,0.21,0.2,9
1105,M,0.59,0.475,0.16,0.9455,0.3815,0.184,0.27,19
1106,F,0.605,0.46,0.17,1.122,0.347,0.3045,0.315,13
1107,F,0.65,0.505,0.165,1.16,0.4785,0.274,0.349,11
1108,F,0.66,0.52,0.18,1.514,0.526,0.2975,0.42,19
1109,M,0.76,0.605,0.215,2.173,0.8009999999999999,0.4915,0.6459999999999999,13
1110,M,0.585,0.49,0.185,1.171,0.522,0.2535,0.335,10
1111,I,0.325,0.24,0.075,0.1525,0.072,0.0645,0.043,6
1112,I,0.425,0.31,0.105,0.365,0.159,0.0825,0.105,6
1113,I,0.205,0.15,0.055,0.042,0.0255,0.015,0.012,5
1114,F,0.53,0.415,0.15,0.7775,0.237,0.1415,0.33,20
1115,I,0.385,0.305,0.095,0.252,0.0915,0.055,0.09,14
1116,I,0.515,0.385,0.125,0.6115,0.3175,0.1265,0.15,8
1117,M,0.655,0.52,0.17,1.1445,0.53,0.223,0.348,9
1118,F,0.475,0.39,0.12,0.5305,0.2135,0.1155,0.17,10
1119,F,0.63,0.5,0.18,1.1965,0.514,0.2325,0.3995,8
1120,F,0.59,0.485,0.205,1.2315,0.4525,0.238,0.42,13
1121,I,0.375,0.245,0.1,0.394,0.166,0.091,0.1125,6
1122,F,0.57,0.47,0.14,0.871,0.385,0.211,0.2315,10
1123,F,0.65,0.51,0.185,1.375,0.531,0.384,0.3985,10
1124,M,0.605,0.465,0.165,1.056,0.4215,0.2475,0.34,13
1125,I,0.31,0.225,0.075,0.155,0.065,0.037,0.0365,6
1126,I,0.535,0.385,0.18,1.0835,0.4955,0.2295,0.304,8
1127,I,0.395,0.295,0.09,0.3025,0.143,0.0665,0.0765,5
1128,F,0.575,0.42,0.19,1.764,0.914,0.377,0.4095,10
1129,M,0.63,0.47,0.155,1.1325,0.589,0.211,0.287,8
1130,I,0.53,0.405,0.12,0.632,0.2715,0.148,0.1875,9
1131,M,0.32,0.245,0.075,0.1555,0.0585,0.038,0.049,11
1132,F,0.55,0.415,0.135,0.775,0.302,0.179,0.26,23
1133,I,0.41,0.325,0.105,0.361,0.1605,0.0665,0.103,8
1134,I,0.405,0.31,0.095,0.3425,0.1785,0.064,0.0855,8
1135,M,0.61,0.48,0.14,1.031,0.4375,0.2615,0.27,8
1136,M,0.625,0.5,0.18,1.3705,0.645,0.303,0.3705,12
1137,M,0.485,0.37,0.155,0.968,0.419,0.2455,0.2365,9
1138,I,0.415,0.305,0.12,0.336,0.165,0.076,0.0805,7
1139,I,0.605,0.485,0.15,1.238,0.6315,0.226,0.33,11
1140,I,0.525,0.4,0.14,0.601,0.2625,0.1285,0.1835,9
1141,M,0.49,0.39,0.15,0.573,0.225,0.124,0.17,21
1142,F,0.725,0.56,0.21,2.141,0.65,0.398,1.005,18
1143,M,0.725,0.505,0.185,1.978,1.026,0.4255,0.4505,12
1144,M,0.625,0.48,0.185,1.2065,0.5870000000000001,0.29,0.286,8
1145,F,0.53,0.395,0.115,0.5685,0.249,0.1375,0.161,9
1146,F,0.59,0.475,0.155,0.9715,0.371,0.235,0.28,11
1147,M,0.455,0.35,0.12,0.4835,0.1815,0.144,0.16,11
1148,F,0.65,0.505,0.175,1.2075,0.5105,0.262,0.39,10
1149,M,0.6,0.475,0.15,1.089,0.5195,0.223,0.292,11
1150,M,0.63,0.465,0.15,1.027,0.537,0.188,0.176,8
1151,I,0.35,0.255,0.09,0.1785,0.0855,0.0305,0.0525,8
1152,F,0.53,0.395,0.145,0.775,0.308,0.1689999999999999,0.255,7
1153,M,0.495,0.375,0.155,0.976,0.45,0.2285,0.2475,9
1154,F,0.62,0.47,0.225,1.115,0.378,0.2145,0.36,15
1155,M,0.57,0.48,0.18,0.9395,0.399,0.2,0.295,14
1156,F,0.49,0.36,0.11,0.5005,0.161,0.107,0.195,17
1157,M,0.625,0.515,0.17,1.331,0.5725,0.3005,0.361,9
1158,F,0.62,0.465,0.14,1.011,0.479,0.2385,0.255,8
1159,M,0.645,0.495,0.15,1.2095,0.603,0.2225,0.339,9
1160,M,0.46,0.36,0.135,0.6105,0.1955,0.107,0.235,14
1161,M,0.64,0.575,0.175,1.4585,0.625,0.266,0.4395,11
1162,M,0.57,0.46,0.17,0.9035,0.4075,0.1935,0.214,7
1163,F,0.655,0.51,0.15,1.043,0.4795,0.223,0.305,9
1164,I,0.41,0.3,0.09,0.304,0.129,0.071,0.0955,8
1165,F,0.675,0.545,0.195,1.7345,0.6845,0.3695,0.605,20
1166,M,0.605,0.475,0.175,1.2525,0.5575,0.3055,0.343,9
1167,M,0.7,0.545,0.185,1.6135,0.75,0.4035,0.3685,11
1168,M,0.66,0.535,0.2,1.791,0.733,0.318,0.54,15
1169,M,0.54,0.405,0.155,0.9715,0.3225,0.194,0.29,19
1170,I,0.45,0.33,0.105,0.3715,0.1865,0.0785,0.0975,7
1171,I,0.505,0.385,0.12,0.6005,0.239,0.142,0.185,7
1172,M,0.585,0.47,0.165,1.409,0.8,0.229,0.295,10
1173,F,0.665,0.5,0.175,1.742,0.595,0.3025,0.725,21
1174,M,0.6,0.45,0.16,1.142,0.539,0.225,0.307,10
1175,I,0.59,0.475,0.145,0.9745,0.4675,0.207,0.259,10
1176,I,0.4,0.295,0.095,0.252,0.1105,0.0575,0.066,6
1177,M,0.35,0.265,0.11,0.2965,0.1365,0.063,0.085,7
1178,I,0.32,0.255,0.1,0.1755,0.073,0.0415,0.065,7
1179,I,0.52,0.38,0.115,0.6645,0.3285,0.17,0.1425,7
1180,M,0.63,0.48,0.185,1.21,0.53,0.2555,0.322,11
1181,I,0.335,0.26,0.1,0.192,0.0785,0.0585,0.07,8
1182,F,0.755,0.575,0.2,2.073,1.0135,0.4655,0.48,11
1183,I,0.37,0.27,0.095,0.232,0.1325,0.041,0.0615,6
1184,F,0.65,0.475,0.165,1.3875,0.58,0.3485,0.3095,9
1185,I,0.57,0.44,0.15,0.755,0.3425,0.16,0.224,8
1186,I,0.415,0.325,0.1,0.385,0.1669999999999999,0.08,0.125,7
1187,F,0.605,0.48,0.14,0.991,0.4735,0.2345,0.24,8
1188,M,0.42,0.34,0.125,0.4495,0.165,0.1125,0.144,11
1189,M,0.47,0.375,0.13,0.523,0.214,0.132,0.145,8
1190,I,0.43,0.325,0.105,0.309,0.119,0.08,0.098,6
1191,I,0.575,0.45,0.135,0.8245,0.3375,0.2115,0.239,11
1192,I,0.55,0.435,0.14,0.7535,0.3285,0.1555,0.2325,10
1193,F,0.625,0.485,0.165,1.2255,0.5075,0.296,0.36,10
1194,M,0.64,0.565,0.23,1.521,0.644,0.3720000000000001,0.406,15
1195,F,0.62,0.5,0.15,1.293,0.596,0.3135,0.354,10
1196,F,0.745,0.585,0.19,1.966,0.8435,0.4370000000000001,0.5855,18
1197,F,0.37,0.285,0.105,0.27,0.1125,0.0585,0.0835,9
1198,I,0.3,0.225,0.075,0.1345,0.057,0.028,0.044,5
1199,M,0.62,0.475,0.185,1.325,0.6045,0.325,0.33,13
1200,F,0.625,0.475,0.175,1.1435,0.4755,0.2475,0.349,10
1201,F,0.52,0.4,0.125,0.6865,0.295,0.1715,0.185,9
1202,I,0.44,0.365,0.11,0.4465,0.213,0.089,0.1135,9
1203,F,0.49,0.38,0.155,0.578,0.2395,0.1255,0.18,9
1204,I,0.235,0.16,0.04,0.048,0.0185,0.018,0.015,5
1205,I,0.44,0.345,0.1,0.366,0.122,0.0905,0.12,13
1206,F,0.5,0.385,0.13,0.768,0.2625,0.095,0.27,13
1207,I,0.305,0.23,0.075,0.1455,0.0595,0.0305,0.05,6
1208,M,0.355,0.26,0.085,0.1905,0.081,0.0485,0.055,6
1209,I,0.315,0.235,0.075,0.1485,0.0585,0.0375,0.0425,6
1210,I,0.39,0.31,0.1,0.302,0.116,0.064,0.115,11
1211,M,0.53,0.425,0.13,0.7020000000000001,0.2975,0.1395,0.22,9
1212,I,0.56,0.445,0.165,0.8320000000000001,0.3455,0.179,0.279,9
1213,M,0.46,0.345,0.12,0.4935,0.2435,0.1175,0.132,8
1214,F,0.435,0.35,0.125,0.459,0.197,0.1145,0.145,9
1215,I,0.525,0.4,0.125,0.6965,0.369,0.1385,0.1639999999999999,9
1216,M,0.69,0.505,0.2,1.872,0.893,0.4015,0.48,10
1217,M,0.465,0.36,0.08,0.488,0.191,0.125,0.155,11
1218,I,0.62,0.485,0.18,1.1785,0.4675,0.2655,0.39,13
1219,M,0.445,0.355,0.11,0.4415,0.1805,0.1035,0.1505,10
1220,M,0.585,0.45,0.15,1.047,0.4315,0.276,0.315,14
1221,M,0.48,0.38,0.13,0.6175,0.3,0.142,0.175,12
1222,M,0.635,0.495,0.155,1.3635,0.583,0.2985,0.295,10
1223,M,0.52,0.41,0.115,0.77,0.263,0.157,0.26,11
1224,M,0.61,0.5,0.24,1.642,0.532,0.3345,0.69,18
1225,M,0.585,0.465,0.19,1.171,0.3905,0.2355,0.4,17
1226,M,0.445,0.35,0.115,0.3615,0.1565,0.0695,0.117,8
1227,F,0.605,0.49,0.15,1.1345,0.4305,0.2525,0.35,10
1228,I,0.435,0.315,0.11,0.3685,0.1615,0.0715,0.12,7
1229,M,0.685,0.55,0.19,1.885,0.89,0.41,0.4895,10
1230,F,0.53,0.405,0.13,0.6355,0.2635,0.1565,0.185,9
1231,M,0.685,0.51,0.165,1.545,0.6859999999999999,0.3775,0.4055,10
1232,F,0.65,0.51,0.175,1.35,0.575,0.3155,0.3885,10
1233,I,0.435,0.335,0.095,0.298,0.109,0.058,0.115,7
1234,M,0.57,0.45,0.155,0.91,0.326,0.1895,0.355,14
1235,F,0.49,0.385,0.15,0.7865,0.241,0.14,0.24,23
1236,I,0.41,0.3,0.09,0.28,0.141,0.0575,0.075,8
1237,M,0.61,0.48,0.185,1.3065,0.6895,0.2915,0.29,10
1238,F,0.515,0.425,0.14,0.7659999999999999,0.304,0.1725,0.255,14
1239,M,0.425,0.34,0.12,0.388,0.149,0.087,0.125,10
1240,M,0.655,0.52,0.18,1.492,0.7185,0.36,0.355,11
1241,F,0.64,0.475,0.19,1.151,0.4365,0.281,0.3805,13
1242,M,0.675,0.525,0.16,1.2835,0.5720000000000001,0.2755,0.3545,13
1243,M,0.56,0.415,0.145,0.852,0.43,0.1885,0.205,8
1244,M,0.535,0.44,0.165,0.875,0.279,0.18,0.3,10
1245,M,0.615,0.485,0.215,0.9615,0.422,0.176,0.29,11
1246,F,0.38,0.325,0.11,0.3105,0.12,0.074,0.105,10
1247,M,0.5,0.385,0.145,0.7615,0.246,0.195,0.204,14
1248,M,0.565,0.43,0.15,0.831,0.4245,0.1735,0.219,10
1249,I,0.19,0.145,0.04,0.038,0.0165,0.0065,0.015,4
1250,I,0.395,0.31,0.085,0.317,0.153,0.0505,0.0935,7
1251,F,0.525,0.41,0.115,0.7745,0.416,0.163,0.18,7
1252,F,0.445,0.335,0.11,0.4355,0.2025,0.1095,0.1195,6
1253,F,0.75,0.55,0.195,1.8325,0.83,0.366,0.44,11
